"Label (Grouping)","Bath County, Kentucky!!Total!!Estimate","Bath County, Kentucky!!Percent!!Estimate","Bath County, Kentucky!!Male!!Estimate","Bath County, Kentucky!!Percent Male!!Estimate","Bath County, Kentucky!!Female!!Estimate","Bath County, Kentucky!!Percent Female!!Estimate","Boyd County, Kentucky!!Total!!Estimate","Boyd County, Kentucky!!Percent!!Estimate","Boyd County, Kentucky!!Male!!Estimate","Boyd County, Kentucky!!Percent Male!!Estimate","Boyd County, Kentucky!!Female!!Estimate","Boyd County, Kentucky!!Percent Female!!Estimate","Bracken County, Kentucky!!Total!!Estimate","Bracken County, Kentucky!!Percent!!Estimate","Bracken County, Kentucky!!Male!!Estimate","Bracken County, Kentucky!!Percent Male!!Estimate","Bracken County, Kentucky!!Female!!Estimate","Bracken County, Kentucky!!Percent Female!!Estimate","Breathitt County, Kentucky!!Total!!Estimate","Breathitt County, Kentucky!!Percent!!Estimate","Breathitt County, Kentucky!!Male!!Estimate","Breathitt County, Kentucky!!Percent Male!!Estimate","Breathitt County, Kentucky!!Female!!Estimate","Breathitt County, Kentucky!!Percent Female!!Estimate","Carter County, Kentucky!!Total!!Estimate","Carter County, Kentucky!!Percent!!Estimate","Carter County, Kentucky!!Male!!Estimate","Carter County, Kentucky!!Percent Male!!Estimate","Carter County, Kentucky!!Female!!Estimate","Carter County, Kentucky!!Percent Female!!Estimate","Elliott County, Kentucky!!Total!!Estimate","Elliott County, Kentucky!!Percent!!Estimate","Elliott County, Kentucky!!Male!!Estimate","Elliott County, Kentucky!!Percent Male!!Estimate","Elliott County, Kentucky!!Female!!Estimate","Elliott County, Kentucky!!Percent Female!!Estimate","Fleming County, Kentucky!!Total!!Estimate","Fleming County, Kentucky!!Percent!!Estimate","Fleming County, Kentucky!!Male!!Estimate","Fleming County, Kentucky!!Percent Male!!Estimate","Fleming County, Kentucky!!Female!!Estimate","Fleming County, Kentucky!!Percent Female!!Estimate","Floyd County, Kentucky!!Total!!Estimate","Floyd County, Kentucky!!Percent!!Estimate","Floyd County, Kentucky!!Male!!Estimate","Floyd County, Kentucky!!Percent Male!!Estimate","Floyd County, Kentucky!!Female!!Estimate","Floyd County, Kentucky!!Percent Female!!Estimate","Greenup County, Kentucky!!Total!!Estimate","Greenup County, Kentucky!!Percent!!Estimate","Greenup County, Kentucky!!Male!!Estimate","Greenup County, Kentucky!!Percent Male!!Estimate","Greenup County, Kentucky!!Female!!Estimate","Greenup County, Kentucky!!Percent Female!!Estimate","Johnson County, Kentucky!!Total!!Estimate","Johnson County, Kentucky!!Percent!!Estimate","Johnson County, Kentucky!!Male!!Estimate","Johnson County, Kentucky!!Percent Male!!Estimate","Johnson County, Kentucky!!Female!!Estimate","Johnson County, Kentucky!!Percent Female!!Estimate","Knott County, Kentucky!!Total!!Estimate","Knott County, Kentucky!!Percent!!Estimate","Knott County, Kentucky!!Male!!Estimate","Knott County, Kentucky!!Percent Male!!Estimate","Knott County, Kentucky!!Female!!Estimate","Knott County, Kentucky!!Percent Female!!Estimate","Lawrence County, Kentucky!!Total!!Estimate","Lawrence County, Kentucky!!Percent!!Estimate","Lawrence County, Kentucky!!Male!!Estimate","Lawrence County, Kentucky!!Percent Male!!Estimate","Lawrence County, Kentucky!!Female!!Estimate","Lawrence County, Kentucky!!Percent Female!!Estimate","Lee County, Kentucky!!Total!!Estimate","Lee County, Kentucky!!Percent!!Estimate","Lee County, Kentucky!!Male!!Estimate","Lee County, Kentucky!!Percent Male!!Estimate","Lee County, Kentucky!!Female!!Estimate","Lee County, Kentucky!!Percent Female!!Estimate","Leslie County, Kentucky!!Total!!Estimate","Leslie County, Kentucky!!Percent!!Estimate","Leslie County, Kentucky!!Male!!Estimate","Leslie County, Kentucky!!Percent Male!!Estimate","Leslie County, Kentucky!!Female!!Estimate","Leslie County, Kentucky!!Percent Female!!Estimate","Letcher County, Kentucky!!Total!!Estimate","Letcher County, Kentucky!!Percent!!Estimate","Letcher County, Kentucky!!Male!!Estimate","Letcher County, Kentucky!!Percent Male!!Estimate","Letcher County, Kentucky!!Female!!Estimate","Letcher County, Kentucky!!Percent Female!!Estimate","Lewis County, Kentucky!!Total!!Estimate","Lewis County, Kentucky!!Percent!!Estimate","Lewis County, Kentucky!!Male!!Estimate","Lewis County, Kentucky!!Percent Male!!Estimate","Lewis County, Kentucky!!Female!!Estimate","Lewis County, Kentucky!!Percent Female!!Estimate","Magoffin County, Kentucky!!Total!!Estimate","Magoffin County, Kentucky!!Percent!!Estimate","Magoffin County, Kentucky!!Male!!Estimate","Magoffin County, Kentucky!!Percent Male!!Estimate","Magoffin County, Kentucky!!Female!!Estimate","Magoffin County, Kentucky!!Percent Female!!Estimate","Martin County, Kentucky!!Total!!Estimate","Martin County, Kentucky!!Percent!!Estimate","Martin County, Kentucky!!Male!!Estimate","Martin County, Kentucky!!Percent Male!!Estimate","Martin County, Kentucky!!Female!!Estimate","Martin County, Kentucky!!Percent Female!!Estimate","Mason County, Kentucky!!Total!!Estimate","Mason County, Kentucky!!Percent!!Estimate","Mason County, Kentucky!!Male!!Estimate","Mason County, Kentucky!!Percent Male!!Estimate","Mason County, Kentucky!!Female!!Estimate","Mason County, Kentucky!!Percent Female!!Estimate","Menifee County, Kentucky!!Total!!Estimate","Menifee County, Kentucky!!Percent!!Estimate","Menifee County, Kentucky!!Male!!Estimate","Menifee County, Kentucky!!Percent Male!!Estimate","Menifee County, Kentucky!!Female!!Estimate","Menifee County, Kentucky!!Percent Female!!Estimate","Montgomery County, Kentucky!!Total!!Estimate","Montgomery County, Kentucky!!Percent!!Estimate","Montgomery County, Kentucky!!Male!!Estimate","Montgomery County, Kentucky!!Percent Male!!Estimate","Montgomery County, Kentucky!!Female!!Estimate","Montgomery County, Kentucky!!Percent Female!!Estimate","Morgan County, Kentucky!!Total!!Estimate","Morgan County, Kentucky!!Percent!!Estimate","Morgan County, Kentucky!!Male!!Estimate","Morgan County, Kentucky!!Percent Male!!Estimate","Morgan County, Kentucky!!Female!!Estimate","Morgan County, Kentucky!!Percent Female!!Estimate","Owsley County, Kentucky!!Total!!Estimate","Owsley County, Kentucky!!Percent!!Estimate","Owsley County, Kentucky!!Male!!Estimate","Owsley County, Kentucky!!Percent Male!!Estimate","Owsley County, Kentucky!!Female!!Estimate","Owsley County, Kentucky!!Percent Female!!Estimate","Perry County, Kentucky!!Total!!Estimate","Perry County, Kentucky!!Percent!!Estimate","Perry County, Kentucky!!Male!!Estimate","Perry County, Kentucky!!Percent Male!!Estimate","Perry County, Kentucky!!Female!!Estimate","Perry County, Kentucky!!Percent Female!!Estimate","Pike County, Kentucky!!Total!!Estimate","Pike County, Kentucky!!Percent!!Estimate","Pike County, Kentucky!!Male!!Estimate","Pike County, Kentucky!!Percent Male!!Estimate","Pike County, Kentucky!!Female!!Estimate","Pike County, Kentucky!!Percent Female!!Estimate","Robertson County, Kentucky!!Total!!Estimate","Robertson County, Kentucky!!Percent!!Estimate","Robertson County, Kentucky!!Male!!Estimate","Robertson County, Kentucky!!Percent Male!!Estimate","Robertson County, Kentucky!!Female!!Estimate","Robertson County, Kentucky!!Percent Female!!Estimate","Rowan County, Kentucky!!Total!!Estimate","Rowan County, Kentucky!!Percent!!Estimate","Rowan County, Kentucky!!Male!!Estimate","Rowan County, Kentucky!!Percent Male!!Estimate","Rowan County, Kentucky!!Female!!Estimate","Rowan County, Kentucky!!Percent Female!!Estimate","Wolfe County, Kentucky!!Total!!Estimate","Wolfe County, Kentucky!!Percent!!Estimate","Wolfe County, Kentucky!!Male!!Estimate","Wolfe County, Kentucky!!Percent Male!!Estimate","Wolfe County, Kentucky!!Female!!Estimate","Wolfe County, Kentucky!!Percent Female!!Estimate"
"Total population","12,739","(X)","6,434","(X)","6,305","(X)","48,242","(X)","24,188","(X)","24,054","(X)","8,420","(X)","4,238","(X)","4,182","(X)","13,580","(X)","6,865","(X)","6,715","(X)","26,671","(X)","13,343","(X)","13,328","(X)","7,378","(X)","4,229","(X)","3,149","(X)","15,111","(X)","7,576","(X)","7,535","(X)","35,780","(X)","17,535","(X)","18,245","(X)","35,853","(X)","17,610","(X)","18,243","(X)","22,631","(X)","11,327","(X)","11,304","(X)","14,282","(X)","7,100","(X)","7,182","(X)","16,228","(X)","8,148","(X)","8,080","(X)","7,338","(X)","4,183","(X)","3,155","(X)","10,468","(X)","5,249","(X)","5,219","(X)","21,490","(X)","10,702","(X)","10,788","(X)","13,063","(X)","6,475","(X)","6,588","(X)","11,647","(X)","5,888","(X)","5,759","(X)","11,298","(X)","6,382","(X)","4,916","(X)","17,068","(X)","8,367","(X)","8,701","(X)","6,174","(X)","3,284","(X)","2,890","(X)","28,188","(X)","13,700","(X)","14,488","(X)","13,840","(X)","8,000","(X)","5,840","(X)","4,054","(X)","2,009","(X)","2,045","(X)","28,136","(X)","13,893","(X)","14,243","(X)","58,196","(X)","28,771","(X)","29,425","(X)","2,207","(X)","944","(X)","1,263","(X)","24,551","(X)","11,940","(X)","12,611","(X)","6,573","(X)","3,442","(X)","3,131","(X)"
"    AGE","","","","","","","","","","","","","","","","","","","","","","","","","","","","","","","","","","","","","","","","","","","","","","","","","","","","","","","","","","","","","","","","","","","","","","","","","","","","","","","","","","","","","","","","","","","","","","","","","","","","","","","","","","","","","","","","","","","","","","","","","","","","","","","","","","","","","","","","","","","","","","","","","","","","","","","","","","","","","","","","","","","","","","","",""
"        Under 5 years","841","6.6%","436","6.8%","405","6.4%","2,694","5.6%","1,424","5.9%","1,270","5.3%","494","5.9%","232","5.5%","262","6.3%","776","5.7%","414","6.0%","362","5.4%","1,546","5.8%","807","6.0%","739","5.5%","305","4.1%","161","3.8%","144","4.6%","1,010","6.7%","474","6.3%","536","7.1%","2,031","5.7%","1,040","5.9%","991","5.4%","1,795","5.0%","935","5.3%","860","4.7%","1,189","5.3%","640","5.7%","549","4.9%","718","5.0%","349","4.9%","369","5.1%","1,120","6.9%","598","7.3%","522","6.5%","372","5.1%","144","3.4%","228","7.2%","545","5.2%","289","5.5%","256","4.9%","1,151","5.4%","617","5.8%","534","4.9%","741","5.7%","381","5.9%","360","5.5%","697","6.0%","371","6.3%","326","5.7%","532","4.7%","366","5.7%","166","3.4%","1,002","5.9%","443","5.3%","559","6.4%","473","7.7%","300","9.1%","173","6.0%","1,631","5.8%","840","6.1%","791","5.5%","656","4.7%","338","4.2%","318","5.4%","227","5.6%","147","7.3%","80","3.9%","1,710","6.1%","883","6.4%","827","5.8%","2,967","5.1%","1,456","5.1%","1,511","5.1%","95","4.3%","25","2.6%","70","5.5%","1,331","5.4%","648","5.4%","683","5.4%","412","6.3%","271","7.9%","141","4.5%"
"        5 to 9 years","974","7.6%","602","9.4%","372","5.9%","2,968","6.2%","1,450","6.0%","1,518","6.3%","640","7.6%","395","9.3%","245","5.9%","625","4.6%","338","4.9%","287","4.3%","1,294","4.9%","851","6.4%","443","3.3%","353","4.8%","154","3.6%","199","6.3%","1,000","6.6%","490","6.5%","510","6.8%","2,266","6.3%","1,151","6.6%","1,115","6.1%","2,293","6.4%","1,140","6.5%","1,153","6.3%","1,558","6.9%","838","7.4%","720","6.4%","928","6.5%","480","6.8%","448","6.2%","772","4.8%","470","5.8%","302","3.7%","462","6.3%","319","7.6%","143","4.5%","504","4.8%","307","5.8%","197","3.8%","913","4.2%","383","3.6%","530","4.9%","779","6.0%","325","5.0%","454","6.9%","807","6.9%","492","8.4%","315","5.5%","433","3.8%","190","3.0%","243","4.9%","1,218","7.1%","738","8.8%","480","5.5%","323","5.2%","213","6.5%","110","3.8%","1,859","6.6%","1,068","7.8%","791","5.5%","630","4.6%","344","4.3%","286","4.9%","151","3.7%","65","3.2%","86","4.2%","1,287","4.6%","733","5.3%","554","3.9%","3,172","5.5%","1,712","6.0%","1,460","5.0%","194","8.8%","23","2.4%","171","13.5%","1,022","4.2%","425","3.6%","597","4.7%","429","6.5%","152","4.4%","277","8.8%"
"        10 to 14 years","857","6.7%","352","5.5%","505","8.0%","2,837","5.9%","1,442","6.0%","1,395","5.8%","470","5.6%","190","4.5%","280","6.7%","875","6.4%","447","6.5%","428","6.4%","1,895","7.1%","800","6.0%","1,095","8.2%","393","5.3%","233","5.5%","160","5.1%","1,037","6.9%","558","7.4%","479","6.4%","2,265","6.3%","1,157","6.6%","1,108","6.1%","2,106","5.9%","1,143","6.5%","963","5.3%","1,319","5.8%","667","5.9%","652","5.8%","695","4.9%","356","5.0%","339","4.7%","1,443","8.9%","728","8.9%","715","8.8%","389","5.3%","169","4.0%","220","7.0%","782","7.5%","372","7.1%","410","7.9%","1,753","8.2%","1,010","9.4%","743","6.9%","940","7.2%","508","7.8%","432","6.6%","649","5.6%","261","4.4%","388","6.7%","817","7.2%","459","7.2%","358","7.3%","993","5.8%","446","5.3%","547","6.3%","407","6.6%","194","5.9%","213","7.4%","1,927","6.8%","930","6.8%","997","6.9%","767","5.5%","436","5.5%","331","5.7%","210","5.2%","138","6.9%","72","3.5%","2,459","8.7%","1,203","8.7%","1,256","8.8%","3,500","6.0%","1,618","5.6%","1,882","6.4%","166","7.5%","84","8.9%","82","6.5%","1,600","6.5%","880","7.4%","720","5.7%","355","5.4%","272","7.9%","83","2.7%"
"        15 to 19 years","782","6.1%","436","6.8%","346","5.5%","2,897","6.0%","1,585","6.6%","1,312","5.5%","596","7.1%","294","6.9%","302","7.2%","663","4.9%","326","4.7%","337","5.0%","1,948","7.3%","1,062","8.0%","886","6.6%","399","5.4%","241","5.7%","158","5.0%","934","6.2%","523","6.9%","411","5.5%","2,168","6.1%","1,220","7.0%","948","5.2%","2,205","6.2%","1,166","6.6%","1,039","5.7%","1,441","6.4%","792","7.0%","649","5.7%","1,000","7.0%","524","7.4%","476","6.6%","1,032","6.4%","535","6.6%","497","6.2%","464","6.3%","327","7.8%","137","4.3%","623","6.0%","266","5.1%","357","6.8%","1,138","5.3%","670","6.3%","468","4.3%","791","6.1%","414","6.4%","377","5.7%","682","5.9%","383","6.5%","299","5.2%","554","4.9%","287","4.5%","267","5.4%","957","5.6%","492","5.9%","465","5.3%","260","4.2%","104","3.2%","156","5.4%","1,722","6.1%","955","7.0%","767","5.3%","768","5.5%","445","5.6%","323","5.5%","261","6.4%","198","9.9%","63","3.1%","1,704","6.1%","907","6.5%","797","5.6%","3,634","6.2%","1,949","6.8%","1,685","5.7%","129","5.8%","39","4.1%","90","7.1%","2,726","11.1%","1,272","10.7%","1,454","11.5%","611","9.3%","408","11.9%","203","6.5%"
"        20 to 24 years","818","6.4%","417","6.5%","401","6.4%","2,553","5.3%","1,357","5.6%","1,196","5.0%","410","4.9%","245","5.8%","165","3.9%","868","6.4%","499","7.3%","369","5.5%","1,660","6.2%","886","6.6%","774","5.8%","367","5.0%","183","4.3%","184","5.8%","924","6.1%","462","6.1%","462","6.1%","1,864","5.2%","1,004","5.7%","860","4.7%","1,860","5.2%","1,006","5.7%","854","4.7%","1,190","5.3%","636","5.6%","554","4.9%","979","6.9%","538","7.6%","441","6.1%","721","4.4%","400","4.9%","321","4.0%","306","4.2%","179","4.3%","127","4.0%","787","7.5%","389","7.4%","398","7.6%","1,158","5.4%","537","5.0%","621","5.8%","689","5.3%","359","5.5%","330","5.0%","618","5.3%","278","4.7%","340","5.9%","687","6.1%","420","6.6%","267","5.4%","1,030","6.0%","574","6.9%","456","5.2%","320","5.2%","159","4.8%","161","5.6%","1,832","6.5%","826","6.0%","1,006","6.9%","793","5.7%","536","6.7%","257","4.4%","186","4.6%","94","4.7%","92","4.5%","1,381","4.9%","694","5.0%","687","4.8%","3,367","5.8%","1,812","6.3%","1,555","5.3%","98","4.4%","59","6.3%","39","3.1%","3,618","14.7%","1,780","14.9%","1,838","14.6%","282","4.3%","204","5.9%","78","2.5%"
"        25 to 29 years","765","6.0%","385","6.0%","380","6.0%","2,704","5.6%","1,477","6.1%","1,227","5.1%","516","6.1%","225","5.3%","291","7.0%","843","6.2%","434","6.3%","409","6.1%","1,536","5.8%","754","5.7%","782","5.9%","593","8.0%","411","9.7%","182","5.8%","910","6.0%","488","6.4%","422","5.6%","2,045","5.7%","1,028","5.9%","1,017","5.6%","2,027","5.7%","1,032","5.9%","995","5.5%","1,235","5.5%","599","5.3%","636","5.6%","811","5.7%","396","5.6%","415","5.8%","986","6.1%","491","6.0%","495","6.1%","508","6.9%","326","7.8%","182","5.8%","389","3.7%","257","4.9%","132","2.5%","1,117","5.2%","578","5.4%","539","5.0%","761","5.8%","403","6.2%","358","5.4%","683","5.9%","358","6.1%","325","5.6%","880","7.8%","625","9.8%","255","5.2%","993","5.8%","507","6.1%","486","5.6%","355","5.7%","203","6.2%","152","5.3%","1,805","6.4%","920","6.7%","885","6.1%","1,110","8.0%","759","9.5%","351","6.0%","197","4.9%","101","5.0%","96","4.7%","1,676","6.0%","831","6.0%","845","5.9%","3,425","5.9%","1,835","6.4%","1,590","5.4%","114","5.2%","51","5.4%","63","5.0%","1,774","7.2%","923","7.7%","851","6.7%","242","3.7%","96","2.8%","146","4.7%"
"        30 to 34 years","656","5.1%","327","5.1%","329","5.2%","2,881","6.0%","1,483","6.1%","1,398","5.8%","452","5.4%","223","5.3%","229","5.5%","819","6.0%","444","6.5%","375","5.6%","1,432","5.4%","707","5.3%","725","5.4%","448","6.1%","287","6.8%","161","5.1%","788","5.2%","386","5.1%","402","5.3%","2,069","5.8%","1,016","5.8%","1,053","5.8%","1,850","5.2%","914","5.2%","936","5.1%","1,279","5.7%","642","5.7%","637","5.6%","686","4.8%","337","4.7%","349","4.9%","904","5.6%","451","5.5%","453","5.6%","477","6.5%","304","7.3%","173","5.5%","563","5.4%","369","7.0%","194","3.7%","1,220","5.7%","617","5.8%","603","5.6%","697","5.3%","358","5.5%","339","5.1%","678","5.8%","351","6.0%","327","5.7%","941","8.3%","670","10.5%","271","5.5%","924","5.4%","460","5.5%","464","5.3%","346","5.6%","189","5.8%","157","5.4%","1,694","6.0%","822","6.0%","872","6.0%","999","7.2%","679","8.5%","320","5.5%","187","4.6%","116","5.8%","71","3.5%","1,680","6.0%","841","6.1%","839","5.9%","3,308","5.7%","1,727","6.0%","1,581","5.4%","153","6.9%","52","5.5%","101","8.0%","1,366","5.6%","746","6.2%","620","4.9%","482","7.3%","312","9.1%","170","5.4%"
"        35 to 39 years","723","5.7%","403","6.3%","320","5.1%","3,177","6.6%","1,687","7.0%","1,490","6.2%","514","6.1%","183","4.3%","331","7.9%","844","6.2%","404","5.9%","440","6.6%","1,289","4.8%","691","5.2%","598","4.5%","492","6.7%","391","9.2%","101","3.2%","808","5.3%","431","5.7%","377","5.0%","1,766","4.9%","791","4.5%","975","5.3%","2,107","5.9%","1,060","6.0%","1,047","5.7%","1,588","7.0%","772","6.8%","816","7.2%","760","5.3%","415","5.8%","345","4.8%","655","4.0%","300","3.7%","355","4.4%","456","6.2%","288","6.9%","168","5.3%","513","4.9%","164","3.1%","349","6.7%","1,320","6.1%","647","6.0%","673","6.2%","704","5.4%","308","4.8%","396","6.0%","730","6.3%","283","4.8%","447","7.8%","854","7.6%","483","7.6%","371","7.5%","934","5.5%","426","5.1%","508","5.8%","421","6.8%","257","7.8%","164","5.7%","1,429","5.1%","862","6.3%","567","3.9%","755","5.5%","458","5.7%","297","5.1%","247","6.1%","98","4.9%","149","7.3%","1,576","5.6%","801","5.8%","775","5.4%","3,822","6.6%","2,212","7.7%","1,610","5.5%","184","8.3%","74","7.8%","110","8.7%","1,197","4.9%","584","4.9%","613","4.9%","406","6.2%","154","4.5%","252","8.0%"
"        40 to 44 years","698","5.5%","303","4.7%","395","6.3%","2,968","6.2%","1,477","6.1%","1,491","6.2%","548","6.5%","380","9.0%","168","4.0%","893","6.6%","478","7.0%","415","6.2%","1,695","6.4%","816","6.1%","879","6.6%","538","7.3%","281","6.6%","257","8.2%","883","5.8%","393","5.2%","490","6.5%","2,641","7.4%","1,396","8.0%","1,245","6.8%","2,192","6.1%","1,104","6.3%","1,088","6.0%","1,321","5.8%","689","6.1%","632","5.6%","774","5.4%","338","4.8%","436","6.1%","1,267","7.8%","649","8.0%","618","7.6%","563","7.7%","369","8.8%","194","6.1%","838","8.0%","455","8.7%","383","7.3%","1,337","6.2%","698","6.5%","639","5.9%","811","6.2%","415","6.4%","396","6.0%","604","5.2%","382","6.5%","222","3.9%","715","6.3%","487","7.6%","228","4.6%","1,129","6.6%","504","6.0%","625","7.2%","254","4.1%","106","3.2%","148","5.1%","2,047","7.3%","807","5.9%","1,240","8.6%","1,142","8.3%","687","8.6%","455","7.8%","131","3.2%","75","3.7%","56","2.7%","1,962","7.0%","966","7.0%","996","7.0%","3,448","5.9%","1,485","5.2%","1,963","6.7%","133","6.0%","62","6.6%","71","5.6%","1,235","5.0%","628","5.3%","607","4.8%","255","3.9%","91","2.6%","164","5.2%"
"        45 to 49 years","788","6.2%","396","6.2%","392","6.2%","3,056","6.3%","1,629","6.7%","1,427","5.9%","500","5.9%","248","5.9%","252","6.0%","897","6.6%","449","6.5%","448","6.7%","1,711","6.4%","810","6.1%","901","6.8%","551","7.5%","344","8.1%","207","6.6%","946","6.3%","472","6.2%","474","6.3%","2,317","6.5%","1,138","6.5%","1,179","6.5%","2,364","6.6%","1,131","6.4%","1,233","6.8%","1,514","6.7%","752","6.6%","762","6.7%","940","6.6%","496","7.0%","444","6.2%","999","6.2%","512","6.3%","487","6.0%","452","6.2%","276","6.6%","176","5.6%","677","6.5%","324","6.2%","353","6.8%","1,353","6.3%","689","6.4%","664","6.2%","837","6.4%","448","6.9%","389","5.9%","811","7.0%","436","7.4%","375","6.5%","746","6.6%","419","6.6%","327","6.7%","1,073","6.3%","560","6.7%","513","5.9%","295","4.8%","161","4.9%","134","4.6%","1,977","7.0%","1,001","7.3%","976","6.7%","977","7.1%","580","7.3%","397","6.8%","374","9.2%","167","8.3%","207","10.1%","1,824","6.5%","897","6.5%","927","6.5%","3,865","6.6%","1,920","6.7%","1,945","6.6%","120","5.4%","69","7.3%","51","4.0%","1,199","4.9%","598","5.0%","601","4.8%","405","6.2%","197","5.7%","208","6.6%"
"        50 to 54 years","856","6.7%","421","6.5%","435","6.9%","3,236","6.7%","1,676","6.9%","1,560","6.5%","602","7.1%","322","7.6%","280","6.7%","954","7.0%","467","6.8%","487","7.3%","1,888","7.1%","982","7.4%","906","6.8%","489","6.6%","301","7.1%","188","6.0%","1,031","6.8%","527","7.0%","504","6.7%","2,422","6.8%","1,173","6.7%","1,249","6.8%","2,382","6.6%","1,157","6.6%","1,225","6.7%","1,547","6.8%","752","6.6%","795","7.0%","996","7.0%","489","6.9%","507","7.1%","1,096","6.8%","564","6.9%","532","6.6%","533","7.3%","293","7.0%","240","7.6%","754","7.2%","394","7.5%","360","6.9%","1,474","6.9%","745","7.0%","729","6.8%","906","6.9%","442","6.8%","464","7.0%","820","7.0%","418","7.1%","402","7.0%","735","6.5%","374","5.9%","361","7.3%","1,149","6.7%","570","6.8%","579","6.7%","470","7.6%","269","8.2%","201","7.0%","1,995","7.1%","992","7.2%","1,003","6.9%","929","6.7%","509","6.4%","420","7.2%","262","6.5%","104","5.2%","158","7.7%","2,044","7.3%","994","7.2%","1,050","7.4%","4,046","7.0%","1,960","6.8%","2,086","7.1%","126","5.7%","64","6.8%","62","4.9%","1,429","5.8%","703","5.9%","726","5.8%","414","6.3%","207","6.0%","207","6.6%"
"        55 to 59 years","882","6.9%","479","7.4%","403","6.4%","3,411","7.1%","1,830","7.6%","1,581","6.6%","654","7.8%","328","7.7%","326","7.8%","1,051","7.7%","544","7.9%","507","7.6%","1,731","6.5%","855","6.4%","876","6.6%","516","7.0%","299","7.1%","217","6.9%","1,029","6.8%","545","7.2%","484","6.4%","2,532","7.1%","1,233","7.0%","1,299","7.1%","2,423","6.8%","1,211","6.9%","1,212","6.6%","1,650","7.3%","796","7.0%","854","7.6%","1,212","8.5%","540","7.6%","672","9.4%","1,225","7.5%","603","7.4%","622","7.7%","669","9.1%","365","8.7%","304","9.6%","755","7.2%","441","8.4%","314","6.0%","1,788","8.3%","822","7.7%","966","9.0%","1,011","7.7%","583","9.0%","428","6.5%","740","6.4%","395","6.7%","345","6.0%","654","5.8%","365","5.7%","289","5.9%","1,250","7.3%","648","7.7%","602","6.9%","455","7.4%","207","6.3%","248","8.6%","2,198","7.8%","1,151","8.4%","1,047","7.2%","844","6.1%","471","5.9%","373","6.4%","284","7.0%","132","6.6%","152","7.4%","2,025","7.2%","910","6.6%","1,115","7.8%","4,336","7.5%","2,215","7.7%","2,121","7.2%","176","8.0%","90","9.5%","86","6.8%","1,403","5.7%","579","4.8%","824","6.5%","469","7.1%","155","4.5%","314","10.0%"
"        60 to 64 years","948","7.4%","513","8.0%","435","6.9%","3,241","6.7%","1,435","5.9%","1,806","7.5%","590","7.0%","294","6.9%","296","7.1%","1,039","7.7%","530","7.7%","509","7.6%","1,825","6.8%","919","6.9%","906","6.8%","424","5.7%","214","5.1%","210","6.7%","1,060","7.0%","538","7.1%","522","6.9%","2,667","7.5%","1,179","6.7%","1,488","8.2%","2,567","7.2%","1,246","7.1%","1,321","7.2%","1,607","7.1%","794","7.0%","813","7.2%","986","6.9%","549","7.7%","437","6.1%","1,056","6.5%","509","6.2%","547","6.8%","400","5.5%","193","4.6%","207","6.6%","818","7.8%","348","6.6%","470","9.0%","1,445","6.7%","724","6.8%","721","6.7%","931","7.1%","362","5.6%","569","8.6%","1,010","8.7%","498","8.5%","512","8.9%","807","7.1%","335","5.2%","472","9.6%","1,172","6.9%","517","6.2%","655","7.5%","516","8.4%","302","9.2%","214","7.4%","1,341","4.8%","535","3.9%","806","5.6%","1,106","8.0%","600","7.5%","506","8.7%","444","11.0%","201","10.0%","243","11.9%","2,029","7.2%","988","7.1%","1,041","7.3%","4,141","7.1%","1,916","6.7%","2,225","7.6%","124","5.6%","50","5.3%","74","5.9%","1,224","5.0%","676","5.7%","548","4.3%","517","7.9%","332","9.6%","185","5.9%"
"        65 to 69 years","811","6.4%","348","5.4%","463","7.3%","3,495","7.2%","1,622","6.7%","1,873","7.8%","534","6.3%","275","6.5%","259","6.2%","850","6.3%","363","5.3%","487","7.3%","1,522","5.7%","792","5.9%","730","5.5%","450","6.1%","194","4.6%","256","8.1%","889","5.9%","511","6.7%","378","5.0%","2,483","6.9%","1,197","6.8%","1,286","7.0%","2,407","6.7%","1,188","6.7%","1,219","6.7%","1,706","7.5%","882","7.8%","824","7.3%","832","5.8%","416","5.9%","416","5.8%","1,135","7.0%","488","6.0%","647","8.0%","434","5.9%","241","5.8%","193","6.1%","866","8.3%","352","6.7%","514","9.8%","1,479","6.9%","632","5.9%","847","7.9%","847","6.5%","407","6.3%","440","6.7%","641","5.5%","307","5.2%","334","5.8%","826","7.3%","487","7.6%","339","6.9%","1,132","6.6%","499","6.0%","633","7.3%","408","6.6%","213","6.5%","195","6.7%","1,432","5.1%","678","4.9%","754","5.2%","963","7.0%","510","6.4%","453","7.8%","435","10.7%","175","8.7%","260","12.7%","1,655","5.9%","878","6.3%","777","5.5%","4,090","7.0%","1,881","6.5%","2,209","7.5%","75","3.4%","32","3.4%","43","3.4%","893","3.6%","493","4.1%","400","3.2%","388","5.9%","204","5.9%","184","5.9%"
"        70 to 74 years","490","3.8%","260","4.0%","230","3.6%","2,226","4.6%","1,078","4.5%","1,148","4.8%","363","4.3%","178","4.2%","185","4.4%","739","5.4%","394","5.7%","345","5.1%","1,598","6.0%","724","5.4%","874","6.6%","419","5.7%","250","5.9%","169","5.4%","802","5.3%","303","4.0%","499","6.6%","1,817","5.1%","848","4.8%","969","5.3%","2,072","5.8%","866","4.9%","1,206","6.6%","901","4.0%","405","3.6%","496","4.4%","923","6.5%","465","6.5%","458","6.4%","769","4.7%","402","4.9%","367","4.5%","421","5.7%","203","4.9%","218","6.9%","311","3.0%","221","4.2%","90","1.7%","1,264","5.9%","671","6.3%","593","5.5%","625","4.8%","312","4.8%","313","4.8%","672","5.8%","322","5.5%","350","6.1%","398","3.5%","120","1.9%","278","5.7%","945","5.5%","534","6.4%","411","4.7%","267","4.3%","164","5.0%","103","3.6%","1,517","5.4%","615","4.5%","902","6.2%","575","4.2%","279","3.5%","296","5.1%","203","5.0%","95","4.7%","108","5.3%","1,380","4.9%","583","4.2%","797","5.6%","2,902","5.0%","1,378","4.8%","1,524","5.2%","144","6.5%","80","8.5%","64","5.1%","1,124","4.6%","418","3.5%","706","5.6%","397","6.0%","189","5.5%","208","6.6%"
"        75 to 79 years","362","2.8%","149","2.3%","213","3.4%","1,602","3.3%","609","2.5%","993","4.1%","224","2.7%","90","2.1%","134","3.2%","460","3.4%","172","2.5%","288","4.3%","870","3.3%","406","3.0%","464","3.5%","352","4.8%","187","4.4%","165","5.2%","543","3.6%","267","3.5%","276","3.7%","1,259","3.5%","605","3.5%","654","3.6%","1,380","3.8%","588","3.3%","792","4.3%","692","3.1%","274","2.4%","418","3.7%","360","2.5%","158","2.2%","202","2.8%","367","2.3%","212","2.6%","155","1.9%","201","2.7%","107","2.6%","94","3.0%","483","4.6%","215","4.1%","268","5.1%","811","3.8%","339","3.2%","472","4.4%","469","3.6%","223","3.4%","246","3.7%","355","3.0%","181","3.1%","174","3.0%","451","4.0%","198","3.1%","253","5.1%","576","3.4%","273","3.3%","303","3.5%","264","4.3%","27","0.8%","237","8.2%","790","2.8%","311","2.3%","479","3.3%","380","2.7%","205","2.6%","175","3.0%","150","3.7%","76","3.8%","74","3.6%","872","3.1%","297","2.1%","575","4.0%","1,903","3.3%","787","2.7%","1,116","3.8%","100","4.5%","64","6.8%","36","2.9%","612","2.5%","269","2.3%","343","2.7%","188","2.9%","50","1.5%","138","4.4%"
"        80 to 84 years","302","2.4%","154","2.4%","148","2.3%","1,181","2.4%","476","2.0%","705","2.9%","228","2.7%","110","2.6%","118","2.8%","218","1.6%","99","1.4%","119","1.8%","790","3.0%","291","2.2%","499","3.7%","166","2.2%","72","1.7%","94","3.0%","254","1.7%","120","1.6%","134","1.8%","666","1.9%","180","1.0%","486","2.7%","888","2.5%","423","2.4%","465","2.5%","573","2.5%","307","2.7%","266","2.4%","463","3.2%","186","2.6%","277","3.9%","367","2.3%","121","1.5%","246","3.0%","62","0.8%","51","1.2%","11","0.3%","120","1.1%","51","1.0%","69","1.3%","425","2.0%","189","1.8%","236","2.2%","236","1.8%","145","2.2%","91","1.4%","256","2.2%","97","1.6%","159","2.8%","75","0.7%","37","0.6%","38","0.8%","343","2.0%","103","1.2%","240","2.8%","197","3.2%","111","3.4%","86","3.0%","569","2.0%","259","1.9%","310","2.1%","223","1.6%","75","0.9%","148","2.5%","53","1.3%","16","0.8%","37","1.8%","551","2.0%","323","2.3%","228","1.6%","1,236","2.1%","533","1.9%","703","2.4%","32","1.4%","17","1.8%","15","1.2%","543","2.2%","240","2.0%","303","2.4%","174","2.6%","134","3.9%","40","1.3%"
"        85 years and over","186","1.5%","53","0.8%","133","2.1%","1,115","2.3%","451","1.9%","664","2.8%","85","1.0%","26","0.6%","59","1.4%","166","1.2%","63","0.9%","103","1.5%","441","1.7%","190","1.4%","251","1.9%","123","1.7%","26","0.6%","97","3.1%","263","1.7%","88","1.2%","175","2.3%","502","1.4%","179","1.0%","323","1.8%","935","2.6%","300","1.7%","635","3.5%","321","1.4%","90","0.8%","231","2.0%","219","1.5%","68","1.0%","151","2.1%","314","1.9%","115","1.4%","199","2.5%","169","2.3%","29","0.7%","140","4.4%","140","1.3%","35","0.7%","105","2.0%","344","1.6%","134","1.3%","210","1.9%","288","2.2%","82","1.3%","206","3.1%","194","1.7%","75","1.3%","119","2.1%","193","1.7%","60","0.9%","133","2.7%","248","1.5%","73","0.9%","175","2.0%","143","2.3%","105","3.2%","38","1.3%","423","1.5%","128","0.9%","295","2.0%","223","1.6%","89","1.1%","134","2.3%","52","1.3%","11","0.5%","41","2.0%","321","1.1%","164","1.2%","157","1.1%","1,034","1.8%","375","1.3%","659","2.2%","44","2.0%","9","1.0%","35","2.8%","255","1.0%","78","0.7%","177","1.4%","147","2.2%","14","0.4%","133","4.2%"
"    SELECTED AGE CATEGORIES","","","","","","","","","","","","","","","","","","","","","","","","","","","","","","","","","","","","","","","","","","","","","","","","","","","","","","","","","","","","","","","","","","","","","","","","","","","","","","","","","","","","","","","","","","","","","","","","","","","","","","","","","","","","","","","","","","","","","","","","","","","","","","","","","","","","","","","","","","","","","","","","","","","","","","","","","","","","","","","","","","","","","","","",""
"        5 to 14 years","1,831","14.4%","954","14.8%","877","13.9%","5,805","12.0%","2,892","12.0%","2,913","12.1%","1,110","13.2%","585","13.8%","525","12.6%","1,500","11.0%","785","11.4%","715","10.6%","3,189","12.0%","1,651","12.4%","1,538","11.5%","746","10.1%","387","9.2%","359","11.4%","2,037","13.5%","1,048","13.8%","989","13.1%","4,531","12.7%","2,308","13.2%","2,223","12.2%","4,399","12.3%","2,283","13.0%","2,116","11.6%","2,877","12.7%","1,505","13.3%","1,372","12.1%","1,623","11.4%","836","11.8%","787","11.0%","2,215","13.6%","1,198","14.7%","1,017","12.6%","851","11.6%","488","11.7%","363","11.5%","1,286","12.3%","679","12.9%","607","11.6%","2,666","12.4%","1,393","13.0%","1,273","11.8%","1,719","13.2%","833","12.9%","886","13.4%","1,456","12.5%","753","12.8%","703","12.2%","1,250","11.1%","649","10.2%","601","12.2%","2,211","13.0%","1,184","14.2%","1,027","11.8%","730","11.8%","407","12.4%","323","11.2%","3,786","13.4%","1,998","14.6%","1,788","12.3%","1,397","10.1%","780","9.8%","617","10.6%","361","8.9%","203","10.1%","158","7.7%","3,746","13.3%","1,936","13.9%","1,810","12.7%","6,672","11.5%","3,330","11.6%","3,342","11.4%","360","16.3%","107","11.3%","253","20.0%","2,622","10.7%","1,305","10.9%","1,317","10.4%","784","11.9%","424","12.3%","360","11.5%"
"        15 to 17 years","539","4.2%","292","4.5%","247","3.9%","1,882","3.9%","1,062","4.4%","820","3.4%","375","4.5%","207","4.9%","168","4.0%","496","3.7%","256","3.7%","240","3.6%","1,164","4.4%","701","5.3%","463","3.5%","228","3.1%","70","1.7%","158","5.0%","648","4.3%","353","4.7%","295","3.9%","1,368","3.8%","749","4.3%","619","3.4%","1,490","4.2%","768","4.4%","722","4.0%","930","4.1%","504","4.4%","426","3.8%","522","3.7%","283","4.0%","239","3.3%","660","4.1%","363","4.5%","297","3.7%","271","3.7%","209","5.0%","62","2.0%","408","3.9%","217","4.1%","191","3.7%","799","3.7%","427","4.0%","372","3.4%","530","4.1%","277","4.3%","253","3.8%","459","3.9%","228","3.9%","231","4.0%","401","3.5%","220","3.4%","181","3.7%","683","4.0%","326","3.9%","357","4.1%","160","2.6%","69","2.1%","91","3.1%","1,124","4.0%","600","4.4%","524","3.6%","539","3.9%","315","3.9%","224","3.8%","163","4.0%","128","6.4%","35","1.7%","1,131","4.0%","607","4.4%","524","3.7%","2,241","3.9%","1,173","4.1%","1,068","3.6%","105","4.8%","25","2.6%","80","6.3%","823","3.4%","397","3.3%","426","3.4%","307","4.7%","287","8.3%","20","0.6%"
"        Under 18 years","3,211","25.2%","1,682","26.1%","1,529","24.3%","10,381","21.5%","5,378","22.2%","5,003","20.8%","1,979","23.5%","1,024","24.2%","955","22.8%","2,772","20.4%","1,455","21.2%","1,317","19.6%","5,899","22.1%","3,159","23.7%","2,740","20.6%","1,279","17.3%","618","14.6%","661","21.0%","3,695","24.5%","1,875","24.7%","1,820","24.2%","7,930","22.2%","4,097","23.4%","3,833","21.0%","7,684","21.4%","3,986","22.6%","3,698","20.3%","4,996","22.1%","2,649","23.4%","2,347","20.8%","2,863","20.0%","1,468","20.7%","1,395","19.4%","3,995","24.6%","2,159","26.5%","1,836","22.7%","1,494","20.4%","841","20.1%","653","20.7%","2,239","21.4%","1,185","22.6%","1,054","20.2%","4,616","21.5%","2,437","22.8%","2,179","20.2%","2,990","22.9%","1,491","23.0%","1,499","22.8%","2,612","22.4%","1,352","23.0%","1,260","21.9%","2,183","19.3%","1,235","19.4%","948","19.3%","3,896","22.8%","1,953","23.3%","1,943","22.3%","1,363","22.1%","776","23.6%","587","20.3%","6,541","23.2%","3,438","25.1%","3,103","21.4%","2,592","18.7%","1,433","17.9%","1,159","19.8%","751","18.5%","478","23.8%","273","13.3%","6,587","23.4%","3,426","24.7%","3,161","22.2%","11,880","20.4%","5,959","20.7%","5,921","20.1%","560","25.4%","157","16.6%","403","31.9%","4,776","19.5%","2,350","19.7%","2,426","19.2%","1,503","22.9%","982","28.5%","521","16.6%"
"        18 to 24 years","1,061","8.3%","561","8.7%","500","7.9%","3,568","7.4%","1,880","7.8%","1,688","7.0%","631","7.5%","332","7.8%","299","7.1%","1,035","7.6%","569","8.3%","466","6.9%","2,444","9.2%","1,247","9.3%","1,197","9.0%","538","7.3%","354","8.4%","184","5.8%","1,210","8.0%","632","8.3%","578","7.7%","2,664","7.4%","1,475","8.4%","1,189","6.5%","2,575","7.2%","1,404","8.0%","1,171","6.4%","1,701","7.5%","924","8.2%","777","6.9%","1,457","10.2%","779","11.0%","678","9.4%","1,093","6.7%","572","7.0%","521","6.4%","499","6.8%","297","7.1%","202","6.4%","1,002","9.6%","438","8.3%","564","10.8%","1,497","7.0%","780","7.3%","717","6.6%","950","7.3%","496","7.7%","454","6.9%","841","7.2%","433","7.4%","408","7.1%","840","7.4%","487","7.6%","353","7.2%","1,304","7.6%","740","8.8%","564","6.5%","420","6.8%","194","5.9%","226","7.8%","2,430","8.6%","1,181","8.6%","1,249","8.6%","1,022","7.4%","666","8.3%","356","6.1%","284","7.0%","164","8.2%","120","5.9%","1,954","6.9%","994","7.2%","960","6.7%","4,760","8.2%","2,588","9.0%","2,172","7.4%","122","5.5%","73","7.7%","49","3.9%","5,521","22.5%","2,655","22.2%","2,866","22.7%","586","8.9%","325","9.4%","261","8.3%"
"        15 to 44 years","4,442","34.9%","2,271","35.3%","2,171","34.4%","17,180","35.6%","9,066","37.5%","8,114","33.7%","3,036","36.1%","1,550","36.6%","1,486","35.5%","4,930","36.3%","2,585","37.7%","2,345","34.9%","9,560","35.8%","4,916","36.8%","4,644","34.8%","2,837","38.5%","1,794","42.4%","1,043","33.1%","5,247","34.7%","2,683","35.4%","2,564","34.0%","12,553","35.1%","6,455","36.8%","6,098","33.4%","12,241","34.1%","6,282","35.7%","5,959","32.7%","8,054","35.6%","4,130","36.5%","3,924","34.7%","5,010","35.1%","2,548","35.9%","2,462","34.3%","5,565","34.3%","2,826","34.7%","2,739","33.9%","2,774","37.8%","1,793","42.9%","981","31.1%","3,713","35.5%","1,900","36.2%","1,813","34.7%","7,290","33.9%","3,747","35.0%","3,543","32.8%","4,453","34.1%","2,257","34.9%","2,196","33.3%","3,995","34.3%","2,035","34.6%","1,960","34.0%","4,631","41.0%","2,972","46.6%","1,659","33.7%","5,967","35.0%","2,963","35.4%","3,004","34.5%","1,956","31.7%","1,018","31.0%","938","32.5%","10,529","37.4%","5,192","37.9%","5,337","36.8%","5,567","40.2%","3,564","44.6%","2,003","34.3%","1,209","29.8%","682","33.9%","527","25.8%","9,979","35.5%","5,040","36.3%","4,939","34.7%","21,004","36.1%","11,020","38.3%","9,984","33.9%","811","36.7%","337","35.7%","474","37.5%","11,916","48.5%","5,933","49.7%","5,983","47.4%","2,278","34.7%","1,265","36.8%","1,013","32.4%"
"        16 years and over","9,822","77.1%","4,925","76.5%","4,897","77.7%","39,136","81.1%","19,521","80.7%","19,615","81.5%","6,676","79.3%","3,315","78.2%","3,361","80.4%","11,087","81.6%","5,560","81.0%","5,527","82.3%","21,493","80.6%","10,665","79.9%","10,828","81.2%","6,158","83.5%","3,635","86.0%","2,523","80.1%","11,908","78.8%","5,945","78.5%","5,963","79.1%","28,704","80.2%","13,889","79.2%","14,815","81.2%","29,276","81.7%","14,236","80.8%","15,040","82.4%","18,162","80.3%","8,914","78.7%","9,248","81.8%","11,795","82.6%","5,857","82.5%","5,938","82.7%","12,710","78.3%","6,237","76.5%","6,473","80.1%","6,008","81.9%","3,453","82.5%","2,555","81.0%","8,483","81.0%","4,203","80.1%","4,280","82.0%","17,392","80.9%","8,546","79.9%","8,846","82.0%","10,474","80.2%","5,208","80.4%","5,266","79.9%","9,300","79.8%","4,690","79.7%","4,610","80.0%","9,438","83.5%","5,327","83.5%","4,111","83.6%","13,532","79.3%","6,531","78.1%","7,001","80.5%","4,891","79.2%","2,540","77.3%","2,351","81.3%","22,410","79.5%","10,633","77.6%","11,777","81.3%","11,641","84.1%","6,810","85.1%","4,831","82.7%","3,439","84.8%","1,639","81.6%","1,800","88.0%","22,377","79.5%","10,967","78.9%","11,410","80.1%","47,814","82.2%","23,594","82.0%","24,220","82.3%","1,708","77.4%","812","86.0%","896","70.9%","20,458","83.3%","9,961","83.4%","10,497","83.2%","5,284","80.4%","2,673","77.7%","2,611","83.4%"
"        18 years and over","9,528","74.8%","4,752","73.9%","4,776","75.7%","37,861","78.5%","18,810","77.8%","19,051","79.2%","6,441","76.5%","3,214","75.8%","3,227","77.2%","10,808","79.6%","5,410","78.8%","5,398","80.4%","20,772","77.9%","10,184","76.3%","10,588","79.4%","6,099","82.7%","3,611","85.4%","2,488","79.0%","11,416","75.5%","5,701","75.3%","5,715","75.8%","27,850","77.8%","13,438","76.6%","14,412","79.0%","28,169","78.6%","13,624","77.4%","14,545","79.7%","17,635","77.9%","8,678","76.6%","8,957","79.2%","11,419","80.0%","5,632","79.3%","5,787","80.6%","12,233","75.4%","5,989","73.5%","6,244","77.3%","5,844","79.6%","3,342","79.9%","2,502","79.3%","8,229","78.6%","4,064","77.4%","4,165","79.8%","16,874","78.5%","8,265","77.2%","8,609","79.8%","10,073","77.1%","4,984","77.0%","5,089","77.2%","9,035","77.6%","4,536","77.0%","4,499","78.1%","9,115","80.7%","5,147","80.6%","3,968","80.7%","13,172","77.2%","6,414","76.7%","6,758","77.7%","4,811","77.9%","2,508","76.4%","2,303","79.7%","21,647","76.8%","10,262","74.9%","11,385","78.6%","11,248","81.3%","6,567","82.1%","4,681","80.2%","3,303","81.5%","1,531","76.2%","1,772","86.7%","21,549","76.6%","10,467","75.3%","11,082","77.8%","46,316","79.6%","22,812","79.3%","23,504","79.9%","1,647","74.6%","787","83.4%","860","68.1%","19,775","80.5%","9,590","80.3%","10,185","80.8%","5,070","77.1%","2,460","71.5%","2,610","83.4%"
"        21 years and over","9,108","71.5%","4,460","69.3%","4,648","73.7%","36,565","75.8%","18,105","74.9%","18,460","76.7%","6,178","73.4%","3,104","73.2%","3,074","73.5%","10,348","76.2%","5,080","74.0%","5,268","78.5%","19,629","73.6%","9,630","72.2%","9,999","75.0%","5,924","80.3%","3,440","81.3%","2,484","78.9%","10,875","72.0%","5,393","71.2%","5,482","72.8%","26,512","74.1%","12,744","72.7%","13,768","75.5%","26,872","75.0%","12,897","73.2%","13,975","76.6%","16,835","74.4%","8,171","72.1%","8,664","76.6%","10,709","75.0%","5,260","74.1%","5,449","75.9%","11,680","72.0%","5,677","69.7%","6,003","74.3%","5,543","75.5%","3,125","74.7%","2,418","76.6%","7,761","74.1%","3,874","73.8%","3,887","74.5%","16,251","75.6%","7,906","73.9%","8,345","77.4%","9,709","74.3%","4,765","73.6%","4,944","75.0%","8,544","73.4%","4,308","73.2%","4,236","73.6%","8,773","77.7%","5,044","79.0%","3,729","75.9%","12,555","73.6%","6,167","73.7%","6,388","73.4%","4,675","75.7%","2,441","74.3%","2,234","77.3%","20,691","73.4%","9,763","71.3%","10,928","75.4%","10,719","77.4%","6,186","77.3%","4,533","77.6%","3,188","78.6%","1,451","72.2%","1,737","84.9%","20,491","72.8%","9,909","71.3%","10,582","74.3%","44,222","76.0%","21,514","74.8%","22,708","77.2%","1,610","72.9%","760","80.5%","850","67.3%","17,110","69.7%","8,406","70.4%","8,704","69.0%","4,755","72.3%","2,339","68.0%","2,416","77.2%"
"        60 years and over","3,099","24.3%","1,477","23.0%","1,622","25.7%","12,860","26.7%","5,671","23.4%","7,189","29.9%","2,024","24.0%","973","23.0%","1,051","25.1%","3,472","25.6%","1,621","23.6%","1,851","27.6%","7,046","26.4%","3,322","24.9%","3,724","27.9%","1,934","26.2%","943","22.3%","991","31.5%","3,811","25.2%","1,827","24.1%","1,984","26.3%","9,394","26.3%","4,188","23.9%","5,206","28.5%","10,249","28.6%","4,611","26.2%","5,638","30.9%","5,800","25.6%","2,752","24.3%","3,048","27.0%","3,783","26.5%","1,842","25.9%","1,941","27.0%","4,008","24.7%","1,847","22.7%","2,161","26.7%","1,687","23.0%","824","19.7%","863","27.4%","2,738","26.2%","1,222","23.3%","1,516","29.0%","5,768","26.8%","2,689","25.1%","3,079","28.5%","3,396","26.0%","1,531","23.6%","1,865","28.3%","3,128","26.9%","1,480","25.1%","1,648","28.6%","2,750","24.3%","1,237","19.4%","1,513","30.8%","4,416","25.9%","1,999","23.9%","2,417","27.8%","1,795","29.1%","922","28.1%","873","30.2%","6,072","21.5%","2,526","18.4%","3,546","24.5%","3,470","25.1%","1,758","22.0%","1,712","29.3%","1,337","33.0%","574","28.6%","763","37.3%","6,808","24.2%","3,233","23.3%","3,575","25.1%","15,306","26.3%","6,870","23.9%","8,436","28.7%","519","23.5%","252","26.7%","267","21.1%","4,651","18.9%","2,174","18.2%","2,477","19.6%","1,811","27.6%","923","26.8%","888","28.4%"
"        62 years and over","2,836","22.3%","1,311","20.4%","1,525","24.2%","11,640","24.1%","4,996","20.7%","6,644","27.6%","1,765","21.0%","842","19.9%","923","22.1%","3,158","23.3%","1,374","20.0%","1,784","26.6%","6,408","24.0%","3,039","22.8%","3,369","25.3%","1,759","23.8%","833","19.7%","926","29.4%","3,309","21.9%","1,638","21.6%","1,671","22.2%","8,407","23.5%","3,686","21.0%","4,721","25.9%","9,381","26.2%","4,233","24.0%","5,148","28.2%","5,191","22.9%","2,541","22.4%","2,650","23.4%","3,307","23.2%","1,569","22.1%","1,738","24.2%","3,524","21.7%","1,646","20.2%","1,878","23.2%","1,475","20.1%","686","16.4%","789","25.0%","2,455","23.5%","1,060","20.2%","1,395","26.7%","5,152","24.0%","2,415","22.6%","2,737","25.4%","3,056","23.4%","1,353","20.9%","1,703","25.9%","2,714","23.3%","1,250","21.2%","1,464","25.4%","2,400","21.2%","1,098","17.2%","1,302","26.5%","4,100","24.0%","1,844","22.0%","2,256","25.9%","1,660","26.9%","849","25.9%","811","28.1%","5,512","19.6%","2,225","16.2%","3,287","22.7%","3,054","22.1%","1,603","20.0%","1,451","24.8%","1,129","27.8%","469","23.3%","660","32.3%","6,079","21.6%","2,789","20.1%","3,290","23.1%","13,859","23.8%","6,183","21.5%","7,676","26.1%","479","21.7%","230","24.4%","249","19.7%","4,027","16.4%","1,767","14.8%","2,260","17.9%","1,566","23.8%","779","22.6%","787","25.1%"
"        65 years and over","2,151","16.9%","964","15.0%","1,187","18.8%","9,619","19.9%","4,236","17.5%","5,383","22.4%","1,434","17.0%","679","16.0%","755","18.1%","2,433","17.9%","1,091","15.9%","1,342","20.0%","5,221","19.6%","2,403","18.0%","2,818","21.1%","1,510","20.5%","729","17.2%","781","24.8%","2,751","18.2%","1,289","17.0%","1,462","19.4%","6,727","18.8%","3,009","17.2%","3,718","20.4%","7,682","21.4%","3,365","19.1%","4,317","23.7%","4,193","18.5%","1,958","17.3%","2,235","19.8%","2,797","19.6%","1,293","18.2%","1,504","20.9%","2,952","18.2%","1,338","16.4%","1,614","20.0%","1,287","17.5%","631","15.1%","656","20.8%","1,920","18.3%","874","16.7%","1,046","20.0%","4,323","20.1%","1,965","18.4%","2,358","21.9%","2,465","18.9%","1,169","18.1%","1,296","19.7%","2,118","18.2%","982","16.7%","1,136","19.7%","1,943","17.2%","902","14.1%","1,041","21.2%","3,244","19.0%","1,482","17.7%","1,762","20.3%","1,279","20.7%","620","18.9%","659","22.8%","4,731","16.8%","1,991","14.5%","2,740","18.9%","2,364","17.1%","1,158","14.5%","1,206","20.7%","893","22.0%","373","18.6%","520","25.4%","4,779","17.0%","2,245","16.2%","2,534","17.8%","11,165","19.2%","4,954","17.2%","6,211","21.1%","395","17.9%","202","21.4%","193","15.3%","3,427","14.0%","1,498","12.5%","1,929","15.3%","1,294","19.7%","591","17.2%","703","22.5%"
"        75 years and over","850","6.7%","356","5.5%","494","7.8%","3,898","8.1%","1,536","6.4%","2,362","9.8%","537","6.4%","226","5.3%","311","7.4%","844","6.2%","334","4.9%","510","7.6%","2,101","7.9%","887","6.6%","1,214","9.1%","641","8.7%","285","6.7%","356","11.3%","1,060","7.0%","475","6.3%","585","7.8%","2,427","6.8%","964","5.5%","1,463","8.0%","3,203","8.9%","1,311","7.4%","1,892","10.4%","1,586","7.0%","671","5.9%","915","8.1%","1,042","7.3%","412","5.8%","630","8.8%","1,048","6.5%","448","5.5%","600","7.4%","432","5.9%","187","4.5%","245","7.8%","743","7.1%","301","5.7%","442","8.5%","1,580","7.4%","662","6.2%","918","8.5%","993","7.6%","450","6.9%","543","8.2%","805","6.9%","353","6.0%","452","7.8%","719","6.4%","295","4.6%","424","8.6%","1,167","6.8%","449","5.4%","718","8.3%","604","9.8%","243","7.4%","361","12.5%","1,782","6.3%","698","5.1%","1,084","7.5%","826","6.0%","369","4.6%","457","7.8%","255","6.3%","103","5.1%","152","7.4%","1,744","6.2%","784","5.6%","960","6.7%","4,173","7.2%","1,695","5.9%","2,478","8.4%","176","8.0%","90","9.5%","86","6.8%","1,410","5.7%","587","4.9%","823","6.5%","509","7.7%","198","5.8%","311","9.9%"
"    SUMMARY INDICATORS","","","","","","","","","","","","","","","","","","","","","","","","","","","","","","","","","","","","","","","","","","","","","","","","","","","","","","","","","","","","","","","","","","","","","","","","","","","","","","","","","","","","","","","","","","","","","","","","","","","","","","","","","","","","","","","","","","","","","","","","","","","","","","","","","","","","","","","","","","","","","","","","","","","","","","","","","","","","","","","","","","","","","","","",""
"        Median age (years)","39.5","(X)","37.5","(X)","41.4","(X)","42.1","(X)","40.5","(X)","44.1","(X)","41.7","(X)","42.4","(X)","39.4","(X)","42.7","(X)","41.4","(X)","44.2","(X)","41.9","(X)","40.5","(X)","43.4","(X)","43.6","(X)","41.2","(X)","46.3","(X)","40.8","(X)","39.7","(X)","41.4","(X)","42.9","(X)","41.4","(X)","44.4","(X)","43.8","(X)","41.9","(X)","45.9","(X)","41.7","(X)","40.4","(X)","43.1","(X)","44.2","(X)","43.1","(X)","44.8","(X)","41.2","(X)","40.5","(X)","41.9","(X)","41.8","(X)","40.4","(X)","45.3","(X)","43.2","(X)","42.7","(X)","43.7","(X)","42.7","(X)","41.2","(X)","45.3","(X)","42.5","(X)","42.7","(X)","42.2","(X)","41.4","(X)","41.3","(X)","43.3","(X)","39.8","(X)","37.1","(X)","46.3","(X)","42.1","(X)","40.4","(X)","43.3","(X)","43.4","(X)","40.9","(X)","45.2","(X)","40.5","(X)","38.2","(X)","42.1","(X)","42.3","(X)","40.1","(X)","44.9","(X)","48.0","(X)","43.9","(X)","50.7","(X)","41.3","(X)","40.3","(X)","42.5","(X)","42.5","(X)","40.2","(X)","44.7","(X)","39.0","(X)","45.8","(X)","36.5","(X)","30.6","(X)","30.2","(X)","31.2","(X)","41.0","(X)","35.5","(X)","46.6","(X)"
"        Sex ratio (males per 100 females)","102.0","(X)","(X)","(X)","(X)","(X)","100.6","(X)","(X)","(X)","(X)","(X)","101.3","(X)","(X)","(X)","(X)","(X)","102.2","(X)","(X)","(X)","(X)","(X)","100.1","(X)","(X)","(X)","(X)","(X)","134.3","(X)","(X)","(X)","(X)","(X)","100.5","(X)","(X)","(X)","(X)","(X)","96.1","(X)","(X)","(X)","(X)","(X)","96.5","(X)","(X)","(X)","(X)","(X)","100.2","(X)","(X)","(X)","(X)","(X)","98.9","(X)","(X)","(X)","(X)","(X)","100.8","(X)","(X)","(X)","(X)","(X)","132.6","(X)","(X)","(X)","(X)","(X)","100.6","(X)","(X)","(X)","(X)","(X)","99.2","(X)","(X)","(X)","(X)","(X)","98.3","(X)","(X)","(X)","(X)","(X)","102.2","(X)","(X)","(X)","(X)","(X)","129.8","(X)","(X)","(X)","(X)","(X)","96.2","(X)","(X)","(X)","(X)","(X)","113.6","(X)","(X)","(X)","(X)","(X)","94.6","(X)","(X)","(X)","(X)","(X)","137.0","(X)","(X)","(X)","(X)","(X)","98.2","(X)","(X)","(X)","(X)","(X)","97.5","(X)","(X)","(X)","(X)","(X)","97.8","(X)","(X)","(X)","(X)","(X)","74.7","(X)","(X)","(X)","(X)","(X)","94.7","(X)","(X)","(X)","(X)","(X)","109.9","(X)","(X)","(X)","(X)","(X)"
"        Age dependency ratio","72.7","(X)","(X)","(X)","(X)","(X)","70.8","(X)","(X)","(X)","(X)","(X)","68.2","(X)","(X)","(X)","(X)","(X)","62.1","(X)","(X)","(X)","(X)","(X)","71.5","(X)","(X)","(X)","(X)","(X)","60.8","(X)","(X)","(X)","(X)","(X)","74.4","(X)","(X)","(X)","(X)","(X)","69.4","(X)","(X)","(X)","(X)","(X)","75.0","(X)","(X)","(X)","(X)","(X)","68.4","(X)","(X)","(X)","(X)","(X)","65.6","(X)","(X)","(X)","(X)","(X)","74.9","(X)","(X)","(X)","(X)","(X)","61.0","(X)","(X)","(X)","(X)","(X)","65.9","(X)","(X)","(X)","(X)","(X)","71.2","(X)","(X)","(X)","(X)","(X)","71.7","(X)","(X)","(X)","(X)","(X)","68.4","(X)","(X)","(X)","(X)","(X)","57.5","(X)","(X)","(X)","(X)","(X)","71.9","(X)","(X)","(X)","(X)","(X)","74.8","(X)","(X)","(X)","(X)","(X)","66.6","(X)","(X)","(X)","(X)","(X)","55.8","(X)","(X)","(X)","(X)","(X)","68.2","(X)","(X)","(X)","(X)","(X)","67.8","(X)","(X)","(X)","(X)","(X)","65.6","(X)","(X)","(X)","(X)","(X)","76.3","(X)","(X)","(X)","(X)","(X)","50.2","(X)","(X)","(X)","(X)","(X)","74.1","(X)","(X)","(X)","(X)","(X)"
"        Old-age dependency ratio","29.2","(X)","(X)","(X)","(X)","(X)","34.1","(X)","(X)","(X)","(X)","(X)","28.6","(X)","(X)","(X)","(X)","(X)","29.1","(X)","(X)","(X)","(X)","(X)","33.6","(X)","(X)","(X)","(X)","(X)","32.9","(X)","(X)","(X)","(X)","(X)","31.7","(X)","(X)","(X)","(X)","(X)","31.8","(X)","(X)","(X)","(X)","(X)","37.5","(X)","(X)","(X)","(X)","(X)","31.2","(X)","(X)","(X)","(X)","(X)","32.4","(X)","(X)","(X)","(X)","(X)","31.8","(X)","(X)","(X)","(X)","(X)","28.2","(X)","(X)","(X)","(X)","(X)","30.4","(X)","(X)","(X)","(X)","(X)","34.4","(X)","(X)","(X)","(X)","(X)","32.4","(X)","(X)","(X)","(X)","(X)","30.6","(X)","(X)","(X)","(X)","(X)","27.1","(X)","(X)","(X)","(X)","(X)","32.7","(X)","(X)","(X)","(X)","(X)","36.2","(X)","(X)","(X)","(X)","(X)","28.0","(X)","(X)","(X)","(X)","(X)","26.6","(X)","(X)","(X)","(X)","(X)","37.1","(X)","(X)","(X)","(X)","(X)","28.5","(X)","(X)","(X)","(X)","(X)","31.8","(X)","(X)","(X)","(X)","(X)","31.5","(X)","(X)","(X)","(X)","(X)","21.0","(X)","(X)","(X)","(X)","(X)","34.3","(X)","(X)","(X)","(X)","(X)"
"        Child dependency ratio","43.5","(X)","(X)","(X)","(X)","(X)","36.8","(X)","(X)","(X)","(X)","(X)","39.5","(X)","(X)","(X)","(X)","(X)","33.1","(X)","(X)","(X)","(X)","(X)","37.9","(X)","(X)","(X)","(X)","(X)","27.9","(X)","(X)","(X)","(X)","(X)","42.6","(X)","(X)","(X)","(X)","(X)","37.5","(X)","(X)","(X)","(X)","(X)","37.5","(X)","(X)","(X)","(X)","(X)","37.2","(X)","(X)","(X)","(X)","(X)","33.2","(X)","(X)","(X)","(X)","(X)","43.0","(X)","(X)","(X)","(X)","(X)","32.8","(X)","(X)","(X)","(X)","(X)","35.5","(X)","(X)","(X)","(X)","(X)","36.8","(X)","(X)","(X)","(X)","(X)","39.3","(X)","(X)","(X)","(X)","(X)","37.8","(X)","(X)","(X)","(X)","(X)","30.4","(X)","(X)","(X)","(X)","(X)","39.2","(X)","(X)","(X)","(X)","(X)","38.6","(X)","(X)","(X)","(X)","(X)","38.7","(X)","(X)","(X)","(X)","(X)","29.2","(X)","(X)","(X)","(X)","(X)","31.2","(X)","(X)","(X)","(X)","(X)","39.3","(X)","(X)","(X)","(X)","(X)","33.8","(X)","(X)","(X)","(X)","(X)","44.7","(X)","(X)","(X)","(X)","(X)","29.2","(X)","(X)","(X)","(X)","(X)","39.8","(X)","(X)","(X)","(X)","(X)"
"    PERCENT ALLOCATED","","","","","","","","","","","","","","","","","","","","","","","","","","","","","","","","","","","","","","","","","","","","","","","","","","","","","","","","","","","","","","","","","","","","","","","","","","","","","","","","","","","","","","","","","","","","","","","","","","","","","","","","","","","","","","","","","","","","","","","","","","","","","","","","","","","","","","","","","","","","","","","","","","","","","","","","","","","","","","","","","","","","","","","",""
"        Sex","(X)","0.0%","(X)","(X)","(X)","(X)","(X)","0.0%","(X)","(X)","(X)","(X)","(X)","0.1%","(X)","(X)","(X)","(X)","(X)","0.0%","(X)","(X)","(X)","(X)","(X)","0.0%","(X)","(X)","(X)","(X)","(X)","0.0%","(X)","(X)","(X)","(X)","(X)","0.1%","(X)","(X)","(X)","(X)","(X)","0.1%","(X)","(X)","(X)","(X)","(X)","0.0%","(X)","(X)","(X)","(X)","(X)","0.1%","(X)","(X)","(X)","(X)","(X)","0.0%","(X)","(X)","(X)","(X)","(X)","0.0%","(X)","(X)","(X)","(X)","(X)","0.0%","(X)","(X)","(X)","(X)","(X)","0.1%","(X)","(X)","(X)","(X)","(X)","0.2%","(X)","(X)","(X)","(X)","(X)","0.4%","(X)","(X)","(X)","(X)","(X)","0.0%","(X)","(X)","(X)","(X)","(X)","0.0%","(X)","(X)","(X)","(X)","(X)","0.0%","(X)","(X)","(X)","(X)","(X)","0.0%","(X)","(X)","(X)","(X)","(X)","0.1%","(X)","(X)","(X)","(X)","(X)","0.1%","(X)","(X)","(X)","(X)","(X)","0.0%","(X)","(X)","(X)","(X)","(X)","0.0%","(X)","(X)","(X)","(X)","(X)","0.0%","(X)","(X)","(X)","(X)","(X)","0.3%","(X)","(X)","(X)","(X)","(X)","0.1%","(X)","(X)","(X)","(X)","(X)","0.0%","(X)","(X)","(X)","(X)"
"        Age","(X)","1.5%","(X)","(X)","(X)","(X)","(X)","0.5%","(X)","(X)","(X)","(X)","(X)","0.1%","(X)","(X)","(X)","(X)","(X)","0.9%","(X)","(X)","(X)","(X)","(X)","0.8%","(X)","(X)","(X)","(X)","(X)","0.3%","(X)","(X)","(X)","(X)","(X)","1.1%","(X)","(X)","(X)","(X)","(X)","1.0%","(X)","(X)","(X)","(X)","(X)","0.9%","(X)","(X)","(X)","(X)","(X)","0.7%","(X)","(X)","(X)","(X)","(X)","0.9%","(X)","(X)","(X)","(X)","(X)","0.4%","(X)","(X)","(X)","(X)","(X)","0.6%","(X)","(X)","(X)","(X)","(X)","1.9%","(X)","(X)","(X)","(X)","(X)","0.4%","(X)","(X)","(X)","(X)","(X)","1.2%","(X)","(X)","(X)","(X)","(X)","0.8%","(X)","(X)","(X)","(X)","(X)","1.0%","(X)","(X)","(X)","(X)","(X)","2.4%","(X)","(X)","(X)","(X)","(X)","0.8%","(X)","(X)","(X)","(X)","(X)","0.6%","(X)","(X)","(X)","(X)","(X)","0.5%","(X)","(X)","(X)","(X)","(X)","1.9%","(X)","(X)","(X)","(X)","(X)","0.8%","(X)","(X)","(X)","(X)","(X)","0.5%","(X)","(X)","(X)","(X)","(X)","1.9%","(X)","(X)","(X)","(X)","(X)","1.0%","(X)","(X)","(X)","(X)","(X)","0.7%","(X)","(X)","(X)","(X)"