"Label (Grouping)","Bath County, Kentucky!!Estimate","Bath County, Kentucky!!Percent","Boyd County, Kentucky!!Estimate","Boyd County, Kentucky!!Percent","Bracken County, Kentucky!!Estimate","Bracken County, Kentucky!!Percent","Breathitt County, Kentucky!!Estimate","Breathitt County, Kentucky!!Percent","Carter County, Kentucky!!Estimate","Carter County, Kentucky!!Percent","Elliott County, Kentucky!!Estimate","Elliott County, Kentucky!!Percent","Fleming County, Kentucky!!Estimate","Fleming County, Kentucky!!Percent","Floyd County, Kentucky!!Estimate","Floyd County, Kentucky!!Percent","Greenup County, Kentucky!!Estimate","Greenup County, Kentucky!!Percent","Johnson County, Kentucky!!Estimate","Johnson County, Kentucky!!Percent","Knott County, Kentucky!!Estimate","Knott County, Kentucky!!Percent","Lawrence County, Kentucky!!Estimate","Lawrence County, Kentucky!!Percent","Lee County, Kentucky!!Estimate","Lee County, Kentucky!!Percent","Leslie County, Kentucky!!Estimate","Leslie County, Kentucky!!Percent","Letcher County, Kentucky!!Estimate","Letcher County, Kentucky!!Percent","Lewis County, Kentucky!!Estimate","Lewis County, Kentucky!!Percent","Magoffin County, Kentucky!!Estimate","Magoffin County, Kentucky!!Percent","Martin County, Kentucky!!Estimate","Martin County, Kentucky!!Percent","Mason County, Kentucky!!Estimate","Mason County, Kentucky!!Percent","Menifee County, Kentucky!!Estimate","Menifee County, Kentucky!!Percent","Montgomery County, Kentucky!!Estimate","Montgomery County, Kentucky!!Percent","Morgan County, Kentucky!!Estimate","Morgan County, Kentucky!!Percent","Owsley County, Kentucky!!Estimate","Owsley County, Kentucky!!Percent","Perry County, Kentucky!!Estimate","Perry County, Kentucky!!Percent","Pike County, Kentucky!!Estimate","Pike County, Kentucky!!Percent","Robertson County, Kentucky!!Estimate","Robertson County, Kentucky!!Percent","Rowan County, Kentucky!!Estimate","Rowan County, Kentucky!!Percent","Wolfe County, Kentucky!!Estimate","Wolfe County, Kentucky!!Percent"
"HOUSEHOLDS BY TYPE","","","","","","","","","","","","","","","","","","","","","","","","","","","","","","","","","","","","","","","","","","","","","","","","","","","","","","","",""
"    Total households","4,844","4,844","18,533","18,533","3,138","3,138","5,529","5,529","9,778","9,778","2,263","2,263","5,747","5,747","14,282","14,282","14,478","14,478","8,534","8,534","5,563","5,563","5,721","5,721","2,637","2,637","3,698","3,698","8,415","8,415","4,757","4,757","4,554","4,554","3,756","3,756","6,695","6,695","2,262","2,262","10,705","10,705","4,665","4,665","1,383","1,383","11,279","11,279","23,967","23,967","797","797","8,952","8,952","2,506","2,506"
"        Married-couple household","2,518","52.0%","8,278","44.7%","1,684","53.7%","2,538","45.9%","5,325","54.5%","1,205","53.2%","3,047","53.0%","7,112","49.8%","7,432","51.3%","4,794","56.2%","2,649","47.6%","3,108","54.3%","1,045","39.6%","1,772","47.9%","4,109","48.8%","2,328","48.9%","1,989","43.7%","2,117","56.4%","3,120","46.6%","1,161","51.3%","5,254","49.1%","2,488","53.3%","600","43.4%","5,070","45.0%","11,772","49.1%","383","48.1%","4,019","44.9%","1,001","39.9%"
"            With children of the householder under 18 years","881","18.2%","2,703","14.6%","521","16.6%","1,007","18.2%","1,936","19.8%","382","16.9%","949","16.5%","2,333","16.3%","2,695","18.6%","1,860","21.8%","842","15.1%","1,117","19.5%","303","11.5%","610","16.5%","1,375","16.3%","666","14.0%","650","14.3%","765","20.4%","897","13.4%","311","13.7%","1,915","17.9%","1,052","22.6%","162","11.7%","1,768","15.7%","3,863","16.1%","152","19.1%","1,738","19.4%","259","10.3%"
"        Cohabiting couple household","393","8.1%","1,296","7.0%","228","7.3%","217","3.9%","478","4.9%","135","6.0%","528","9.2%","1,072","7.5%","867","6.0%","536","6.3%","309","5.6%","234","4.1%","248","9.4%","228","6.2%","350","4.2%","339","7.1%","163","3.6%","125","3.3%","439","6.6%","134","5.9%","855","8.0%","346","7.4%","69","5.0%","1,124","10.0%","783","3.3%","135","16.9%","756","8.4%","355","14.2%"
"            With children of the householder under 18 years","163","3.4%","531","2.9%","87","2.8%","162","2.9%","181","1.9%","64","2.8%","318","5.5%","513","3.6%","298","2.1%","140","1.6%","96","1.7%","73","1.3%","121","4.6%","21","0.6%","70","0.8%","175","3.7%","105","2.3%","57","1.5%","107","1.6%","34","1.5%","212","2.0%","82","1.8%","16","1.2%","368","3.3%","209","0.9%","75","9.4%","241","2.7%","134","5.3%"
"        Male householder, no spouse/partner present","779","16.1%","3,275","17.7%","620","19.8%","1,149","20.8%","1,444","14.8%","382","16.9%","914","15.9%","2,215","15.5%","2,528","17.5%","1,169","13.7%","1,014","18.2%","1,088","19.0%","657","24.9%","502","13.6%","1,722","20.5%","836","17.6%","1,048","23.0%","650","17.3%","1,094","16.3%","558","24.7%","1,494","14.0%","729","15.6%","327","23.6%","1,857","16.5%","4,400","18.4%","87","10.9%","1,551","17.3%","469","18.7%"
"            With children of the householder under 18 years","23","0.5%","347","1.9%","63","2.0%","111","2.0%","115","1.2%","27","1.2%","111","1.9%","72","0.5%","223","1.5%","29","0.3%","60","1.1%","99","1.7%","32","1.2%","20","0.5%","270","3.2%","87","1.8%","105","2.3%","87","2.3%","62","0.9%","46","2.0%","213","2.0%","48","1.0%","5","0.4%","143","1.3%","313","1.3%","4","0.5%","60","0.7%","14","0.6%"
"            Householder living alone","561","11.6%","2,272","12.3%","408","13.0%","802","14.5%","1,130","11.6%","305","13.5%","618","10.8%","1,657","11.6%","1,875","13.0%","883","10.3%","658","11.8%","773","13.5%","494","18.7%","416","11.2%","1,087","12.9%","616","12.9%","744","16.3%","340","9.1%","825","12.3%","358","15.8%","1,038","9.7%","558","12.0%","244","17.6%","1,247","11.1%","3,254","13.6%","74","9.3%","1,106","12.4%","304","12.1%"
"                65 years and over","152","3.1%","738","4.0%","172","5.5%","241","4.4%","508","5.2%","160","7.1%","288","5.0%","632","4.4%","1,003","6.9%","305","3.6%","253","4.5%","208","3.6%","187","7.1%","144","3.9%","345","4.1%","324","6.8%","187","4.1%","109","2.9%","258","3.9%","180","8.0%","275","2.6%","268","5.7%","96","6.9%","353","3.1%","928","3.9%","33","4.1%","227","2.5%","179","7.1%"
"        Female householder, no spouse/partner present","1,154","23.8%","5,684","30.7%","606","19.3%","1,625","29.4%","2,531","25.9%","541","23.9%","1,258","21.9%","3,883","27.2%","3,651","25.2%","2,035","23.8%","1,591","28.6%","1,291","22.6%","687","26.1%","1,196","32.3%","2,234","26.5%","1,254","26.4%","1,354","29.7%","864","23.0%","2,042","30.5%","409","18.1%","3,102","29.0%","1,102","23.6%","387","28.0%","3,228","28.6%","7,012","29.3%","192","24.1%","2,626","29.3%","681","27.2%"
"            With children of the householder under 18 years","207","4.3%","1,061","5.7%","115","3.7%","238","4.3%","348","3.6%","80","3.5%","210","3.7%","585","4.1%","424","2.9%","479","5.6%","296","5.3%","108","1.9%","141","5.3%","84","2.3%","329","3.9%","180","3.8%","236","5.2%","56","1.5%","536","8.0%","92","4.1%","721","6.7%","239","5.1%","45","3.3%","590","5.2%","1,167","4.9%","49","6.1%","272","3.0%","92","3.7%"
"            Householder living alone","609","12.6%","3,329","18.0%","349","11.1%","1,012","18.3%","1,657","16.9%","316","14.0%","792","13.8%","1,930","13.5%","2,282","15.8%","1,065","12.5%","816","14.7%","865","15.1%","400","15.2%","752","20.3%","1,432","17.0%","816","17.2%","726","15.9%","668","17.8%","1,179","17.6%","254","11.2%","1,526","14.3%","609","13.1%","239","17.3%","1,520","13.5%","3,906","16.3%","102","12.8%","1,530","17.1%","473","18.9%"
"                65 years and over","358","7.4%","1,715","9.3%","260","8.3%","559","10.1%","982","10.0%","134","5.9%","577","10.0%","1,105","7.7%","1,441","10.0%","463","5.4%","569","10.2%","477","8.3%","171","6.5%","542","14.7%","792","9.4%","532","11.2%","443","9.7%","387","10.3%","660","9.9%","165","7.3%","1,024","9.6%","403","8.6%","172","12.4%","776","6.9%","1,825","7.6%","48","6.0%","811","9.1%","241","9.6%"
"        Households with one or more people under 18 years","1,636","33.8%","5,631","30.4%","932","29.7%","1,828","33.1%","2,969","30.4%","687","30.4%","1,831","31.9%","4,356","30.5%","4,282","29.6%","2,813","33.0%","1,814","32.6%","1,763","30.8%","710","26.9%","919","24.9%","2,631","31.3%","1,369","28.8%","1,383","30.4%","1,224","32.6%","1,900","28.4%","553","24.4%","3,528","33.0%","1,580","33.9%","362","26.2%","3,379","30.0%","6,488","27.1%","340","42.7%","2,950","33.0%","595","23.7%"
"        Households with one or more people 65 years and over","1,548","32.0%","6,472","34.9%","1,032","32.9%","1,800","32.6%","3,688","37.7%","932","41.2%","1,941","33.8%","4,981","34.9%","5,415","37.4%","2,759","32.3%","2,049","36.8%","2,057","36.0%","910","34.5%","1,516","41.0%","2,972","35.3%","1,829","38.4%","1,432","31.4%","1,401","37.3%","2,342","35.0%","873","38.6%","3,261","30.5%","1,714","36.7%","585","42.3%","3,517","31.2%","7,901","33.0%","249","31.2%","2,569","28.7%","995","39.7%"
"        Average household size","2.61","(X)","2.51","(X)","2.67","(X)","2.40","(X)","2.66","(X)","2.68","(X)","2.62","(X)","2.44","(X)","2.45","(X)","2.59","(X)","2.47","(X)","2.82","(X)","2.52","(X)","2.74","(X)","2.52","(X)","2.72","(X)","2.53","(X)","2.66","(X)","2.51","(X)","2.68","(X)","2.60","(X)","2.62","(X)","2.86","(X)","2.44","(X)","2.37","(X)","2.69","(X)","2.43","(X)","2.57","(X)"
"        Average family size","3.12","(X)","3.11","(X)","3.16","(X)","2.98","(X)","3.25","(X)","3.27","(X)","3.09","(X)","2.88","(X)","3.02","(X)","3.01","(X)","2.96","(X)","3.58","(X)","3.28","(X)","3.57","(X)","3.10","(X)","3.35","(X)","3.19","(X)","3.23","(X)","3.14","(X)","3.35","(X)","3.07","(X)","3.22","(X)","3.51","(X)","2.86","(X)","2.95","(X)","2.95","(X)","3.08","(X)","3.12","(X)"
"RELATIONSHIP","","","","","","","","","","","","","","","","","","","","","","","","","","","","","","","","","","","","","","","","","","","","","","","","","","","","","","","",""
"    Population in households","12,664","12,664","46,501","46,501","8,391","8,391","13,275","13,275","26,009","26,009","6,073","6,073","15,053","15,053","34,907","34,907","35,406","35,406","22,065","22,065","13,728","13,728","16,106","16,106","6,653","6,653","10,124","10,124","21,202","21,202","12,920","12,920","11,518","11,518","10,004","10,004","16,803","16,803","6,067","6,067","27,816","27,816","12,242","12,242","3,962","3,962","27,490","27,490","56,900","56,900","2,146","2,146","21,771","21,771","6,448","6,448"
"        Householder","4,844","38.3%","18,533","39.9%","3,138","37.4%","5,529","41.6%","9,778","37.6%","2,263","37.3%","5,747","38.2%","14,282","40.9%","14,478","40.9%","8,534","38.7%","5,563","40.5%","5,721","35.5%","2,637","39.6%","3,698","36.5%","8,415","39.7%","4,757","36.8%","4,554","39.5%","3,756","37.5%","6,695","39.8%","2,262","37.3%","10,705","38.5%","4,665","38.1%","1,383","34.9%","11,279","41.0%","23,967","42.1%","797","37.1%","8,952","41.1%","2,506","38.9%"
"        Spouse","2,476","19.6%","8,337","17.9%","1,684","20.1%","2,558","19.3%","5,284","20.3%","1,223","20.1%","3,023","20.1%","7,067","20.2%","7,473","21.1%","4,824","21.9%","2,642","19.2%","3,130","19.4%","1,056","15.9%","1,798","17.8%","4,043","19.1%","2,323","18.0%","1,965","17.1%","2,082","20.8%","3,095","18.4%","1,184","19.5%","5,279","19.0%","2,527","20.6%","644","16.3%","5,141","18.7%","11,754","20.7%","341","15.9%","4,020","18.5%","1,052","16.3%"
"        Unmarried partner","426","3.4%","1,243","2.7%","230","2.7%","191","1.4%","521","2.0%","121","2.0%","547","3.6%","1,114","3.2%","808","2.3%","498","2.3%","315","2.3%","225","1.4%","241","3.6%","207","2.0%","424","2.0%","360","2.8%","179","1.6%","170","1.7%","452","2.7%","97","1.6%","846","3.0%","329","2.7%","83","2.1%","1,053","3.8%","797","1.4%","122","5.7%","750","3.4%","303","4.7%"
"        Child","3,659","28.9%","12,557","27.0%","2,240","26.7%","3,411","25.7%","7,458","28.7%","1,668","27.5%","4,350","28.9%","8,924","25.6%","9,778","27.6%","5,987","27.1%","3,481","25.4%","5,064","31.4%","1,941","29.2%","3,000","29.6%","5,628","26.5%","3,763","29.1%","3,567","31.0%","2,622","26.2%","5,068","30.2%","1,855","30.6%","8,122","29.2%","3,692","30.2%","945","23.9%","7,363","26.8%","15,431","27.1%","606","28.2%","5,461","25.1%","1,486","23.0%"
"        Other relatives","1,028","8.1%","4,436","9.5%","887","10.6%","1,108","8.3%","2,222","8.5%","564","9.3%","965","6.4%","2,801","8.0%","2,171","6.1%","1,785","8.1%","1,301","9.5%","1,827","11.3%","648","9.7%","1,168","11.5%","1,854","8.7%","1,356","10.5%","1,006","8.7%","1,059","10.6%","1,254","7.5%","544","9.0%","2,101","7.6%","868","7.1%","526","13.3%","1,941","7.1%","3,724","6.5%","111","5.2%","1,730","7.9%","831","12.9%"
"        Other nonrelatives","231","1.8%","1,395","3.0%","212","2.5%","478","3.6%","746","2.9%","234","3.9%","421","2.8%","719","2.1%","698","2.0%","437","2.0%","426","3.1%","139","0.9%","130","2.0%","253","2.5%","838","4.0%","361","2.8%","247","2.1%","315","3.1%","239","1.4%","125","2.1%","763","2.7%","161","1.3%","381","9.6%","713","2.6%","1,227","2.2%","169","7.9%","858","3.9%","270","4.2%"
"MARITAL STATUS","","","","","","","","","","","","","","","","","","","","","","","","","","","","","","","","","","","","","","","","","","","","","","","","","","","","","","","",""
"    Males 15 years and over","5,044","5,044","19,872","19,872","3,421","3,421","5,666","5,666","10,885","10,885","3,681","3,681","6,054","6,054","14,187","14,187","14,392","14,392","9,182","9,182","5,915","5,915","6,352","6,352","3,551","3,551","4,281","4,281","8,692","8,692","5,261","5,261","4,764","4,764","5,367","5,367","6,740","6,740","2,577","2,577","10,862","10,862","6,882","6,882","1,659","1,659","11,074","11,074","23,985","23,985","812","812","9,987","9,987","2,747","2,747"
"        Never married","1,680","33.3%","6,471","32.6%","1,002","29.3%","1,810","31.9%","3,293","30.3%","1,288","35.0%","1,548","25.6%","3,822","26.9%","3,763","26.1%","2,451","26.7%","1,857","31.4%","1,810","28.5%","1,453","40.9%","1,446","33.8%","2,716","31.2%","1,592","30.3%","1,619","34.0%","2,099","39.1%","2,441","36.2%","883","34.3%","3,316","30.5%","2,413","35.1%","472","28.5%","3,230","29.2%","7,192","30.0%","219","27.0%","4,265","42.7%","1,013","36.9%"
"        Now married, except separated","2,649","52.5%","9,526","47.9%","1,831","53.5%","2,944","52.0%","5,676","52.1%","1,465","39.8%","3,355","55.4%","7,636","53.8%","7,750","53.8%","5,070","55.2%","2,865","48.4%","3,336","52.5%","1,250","35.2%","2,108","49.2%","4,309","49.6%","2,744","52.2%","2,135","44.8%","2,308","43.0%","3,398","50.4%","1,197","46.4%","5,504","50.7%","2,955","42.9%","805","48.5%","5,694","51.4%","12,403","51.7%","396","48.8%","4,314","43.2%","1,073","39.1%"
"        Separated","84","1.7%","405","2.0%","115","3.4%","203","3.6%","257","2.4%","106","2.9%","220","3.6%","301","2.1%","239","1.7%","105","1.1%","78","1.3%","69","1.1%","137","3.9%","96","2.2%","221","2.5%","121","2.3%","108","2.3%","265","4.9%","53","0.8%","3","0.1%","339","3.1%","126","1.8%","70","4.2%","350","3.2%","353","1.5%","23","2.8%","268","2.7%","87","3.2%"
"        Widowed","131","2.6%","752","3.8%","137","4.0%","162","2.9%","396","3.6%","144","3.9%","175","2.9%","515","3.6%","674","4.7%","268","2.9%","251","4.2%","191","3.0%","166","4.7%","146","3.4%","435","5.0%","214","4.1%","237","5.0%","154","2.9%","222","3.3%","114","4.4%","376","3.5%","268","3.9%","172","10.4%","537","4.8%","1,414","5.9%","39","4.8%","265","2.7%","177","6.4%"
"        Divorced","500","9.9%","2,718","13.7%","336","9.8%","547","9.7%","1,263","11.6%","678","18.4%","756","12.5%","1,913","13.5%","1,966","13.7%","1,288","14.0%","864","14.6%","946","14.9%","545","15.3%","485","11.3%","1,011","11.6%","590","11.2%","665","14.0%","541","10.1%","626","9.3%","380","14.7%","1,327","12.2%","1,120","16.3%","140","8.4%","1,263","11.4%","2,623","10.9%","135","16.6%","875","8.8%","397","14.5%"
"    Females 15 years and over","5,023","5,023","19,871","19,871","3,395","3,395","5,638","5,638","11,051","11,051","2,646","2,646","6,010","6,010","15,031","15,031","15,267","15,267","9,383","9,383","6,026","6,026","6,541","6,541","2,564","2,564","4,356","4,356","8,981","8,981","5,342","5,342","4,730","4,730","4,149","4,149","7,115","7,115","2,394","2,394","11,909","11,909","4,905","4,905","1,807","1,807","11,606","11,606","24,572","24,572","940","940","10,611","10,611","2,630","2,630"
"        Never married","1,092","21.7%","4,069","20.5%","690","20.3%","1,275","22.6%","2,100","19.0%","479","18.1%","1,159","19.3%","2,687","17.9%","2,956","19.4%","1,657","17.7%","1,205","20.0%","1,346","20.6%","471","18.4%","971","22.3%","1,740","19.4%","1,213","22.7%","962","20.3%","730","17.6%","1,872","26.3%","500","20.9%","2,427","20.4%","810","16.5%","369","20.4%","2,551","22.0%","4,841","19.7%","223","23.7%","3,995","37.6%","384","14.6%"
"        Now married, except separated","2,763","55.0%","9,232","46.5%","1,889","55.6%","2,594","46.0%","5,733","51.9%","1,344","50.8%","2,993","49.8%","7,765","51.7%","7,869","51.5%","4,982","53.1%","2,844","47.2%","3,441","52.6%","1,027","40.1%","1,865","42.8%","4,403","49.0%","2,477","46.4%","2,124","44.9%","2,265","54.6%","3,189","44.8%","1,170","48.9%","5,529","46.4%","2,655","54.1%","743","41.1%","5,116","44.1%","12,675","51.6%","377","40.1%","4,158","39.2%","1,220","46.4%"
"        Separated","121","2.4%","538","2.7%","28","0.8%","192","3.4%","236","2.1%","79","3.0%","277","4.6%","349","2.3%","224","1.5%","349","3.7%","34","0.6%","164","2.5%","244","9.5%","188","4.3%","205","2.3%","51","1.0%","276","5.8%","158","3.8%","180","2.5%","50","2.1%","458","3.8%","166","3.4%","46","2.5%","433","3.7%","607","2.5%","13","1.4%","246","2.3%","86","3.3%"
"        Widowed","474","9.4%","2,256","11.4%","339","10.0%","866","15.4%","1,658","15.0%","385","14.6%","529","8.8%","1,844","12.3%","2,157","14.1%","980","10.4%","1,020","16.9%","757","11.6%","385","15.0%","733","16.8%","1,247","13.9%","817","15.3%","615","13.0%","492","11.9%","899","12.6%","351","14.7%","1,363","11.4%","486","9.9%","294","16.3%","1,908","16.4%","3,111","12.7%","103","11.0%","890","8.4%","423","16.1%"
"        Divorced","573","11.4%","3,776","19.0%","449","13.2%","711","12.6%","1,324","12.0%","359","13.6%","1,052","17.5%","2,386","15.9%","2,061","13.5%","1,415","15.1%","923","15.3%","833","12.7%","437","17.0%","599","13.8%","1,386","15.4%","784","14.7%","753","15.9%","504","12.1%","975","13.7%","323","13.5%","2,132","17.9%","788","16.1%","355","19.6%","1,598","13.8%","3,338","13.6%","224","23.8%","1,322","12.5%","517","19.7%"
"FERTILITY","","","","","","","","","","","","","","","","","","","","","","","","","","","","","","","","","","","","","","","","","","","","","","","","","","","","","","","",""
"    Number of women 15 to 50 years old who had a birth in the past 12 months","150","150","388","388","80","80","184","184","260","260","74","74","101","101","387","387","427","427","209","209","137","137","150","150","34","34","161","161","218","218","244","244","187","187","120","120","209","209","64","64","347","347","117","117","63","63","206","206","526","526","7","7","315","315","31","31"
"        Unmarried women (widowed, divorced, and never married)","47","31.3%","159","41.0%","10","12.5%","65","35.3%","40","15.4%","0","0.0%","57","56.4%","86","22.2%","89","20.8%","68","32.5%","68","49.6%","20","13.3%","25","73.5%","99","61.5%","28","12.8%","141","57.8%","117","62.6%","29","24.2%","120","57.4%","60","93.8%","96","27.7%","14","12.0%","21","33.3%","60","29.1%","274","52.1%","4","57.1%","19","6.0%","10","32.3%"
"            Per 1,000 unmarried women","41","(X)","30","(X)","11","(X)","43","(X)","16","(X)","0","(X)","38","(X)","24","(X)","26","(X)","31","(X)","41","(X)","12","(X)","42","(X)","82","(X)","13","(X)","88","(X)","97","(X)","31","(X)","55","(X)","97","(X)","30","(X)","14","(X)","44","(X)","20","(X)","45","(X)","11","(X)","5","(X)","17","(X)"
"        Per 1,000 women 15 to 50 years old","57","(X)","40","(X)","45","(X)","63","(X)","45","(X)","59","(X)","32","(X)","52","(X)","59","(X)","43","(X)","44","(X)","45","(X)","28","(X)","74","(X)","50","(X)","93","(X)","78","(X)","58","(X)","58","(X)","57","(X)","53","(X)","47","(X)","78","(X)","34","(X)","43","(X)","13","(X)","47","(X)","25","(X)"
"        Per 1,000 women 15 to 19 years old","0","(X)","3","(X)","0","(X)","9","(X)","12","(X)","0","(X)","29","(X)","6","(X)","0","(X)","0","(X)","34","(X)","12","(X)","36","(X)","118","(X)","0","(X)","95","(X)","0","(X)","0","(X)","6","(X)","0","(X)","31","(X)","0","(X)","159","(X)","0","(X)","18","(X)","44","(X)","0","(X)","0","(X)"
"        Per 1,000 women 20 to 34 years old","82","(X)","83","(X)","73","(X)","137","(X)","109","(X)","140","(X)","58","(X)","122","(X)","124","(X)","92","(X)","100","(X)","113","(X)","60","(X)","146","(X)","98","(X)","187","(X)","182","(X)","115","(X)","112","(X)","136","(X)","78","(X)","91","(X)","205","(X)","81","(X)","86","(X)","15","(X)","91","(X)","79","(X)"
"        Per 1,000 women 35 to 50 years old","50","(X)","15","(X)","38","(X)","16","(X)","0","(X)","0","(X)","10","(X)","6","(X)","23","(X)","17","(X)","0","(X)","0","(X)","0","(X)","12","(X)","21","(X)","13","(X)","5","(X)","29","(X)","27","(X)","0","(X)","35","(X)","27","(X)","0","(X)","4","(X)","15","(X)","0","(X)","7","(X)","0","(X)"
"GRANDPARENTS","","","","","","","","","","","","","","","","","","","","","","","","","","","","","","","","","","","","","","","","","","","","","","","","","","","","","","","",""
"    Number of grandparents living with own grandchildren under 18 years","511","511","1,419","1,419","280","280","421","421","760","760","247","247","410","410","1,035","1,035","897","897","532","532","474","474","552","552","154","154","258","258","719","719","542","542","398","398","316","316","394","394","111","111","762","762","308","308","164","164","615","615","1,232","1,232","58","58","715","715","108","108"
"        Grandparents responsible for grandchildren","289","56.6%","835","58.8%","135","48.2%","290","68.9%","412","54.2%","105","42.5%","281","68.5%","602","58.2%","584","65.1%","225","42.3%","374","78.9%","201","36.4%","75","48.7%","225","87.2%","560","77.9%","217","40.0%","113","28.4%","142","44.9%","325","82.5%","105","94.6%","426","55.9%","122","39.6%","120","73.2%","461","75.0%","638","51.8%","36","62.1%","490","68.5%","101","93.5%"
"        Years responsible for grandchildren","","","","","","","","","","","","","","","","","","","","","","","","","","","","","","","","","","","","","","","","","","","","","","","","","","","","","","","",""
"            Less than 1 year","0","0.0%","46","3.2%","0","0.0%","23","5.5%","3","0.4%","38","15.4%","4","1.0%","26","2.5%","106","11.8%","15","2.8%","20","4.2%","0","0.0%","0","0.0%","41","15.9%","10","1.4%","3","0.6%","15","3.8%","19","6.0%","0","0.0%","15","13.5%","73","9.6%","10","3.2%","17","10.4%","32","5.2%","119","9.7%","4","6.9%","0","0.0%","3","2.8%"
"            1 or 2 years","25","4.9%","260","18.3%","0","0.0%","19","4.5%","68","8.9%","6","2.4%","0","0.0%","205","19.8%","185","20.6%","104","19.5%","82","17.3%","23","4.2%","10","6.5%","32","12.4%","75","10.4%","0","0.0%","0","0.0%","0","0.0%","120","30.5%","44","39.6%","63","8.3%","27","8.8%","0","0.0%","14","2.3%","65","5.3%","4","6.9%","140","19.6%","0","0.0%"
"            3 or 4 years","24","4.7%","52","3.7%","63","22.5%","56","13.3%","153","20.1%","11","4.5%","0","0.0%","94","9.1%","57","6.4%","0","0.0%","24","5.1%","0","0.0%","16","10.4%","11","4.3%","97","13.5%","66","12.2%","30","7.5%","102","32.3%","34","8.6%","0","0.0%","44","5.8%","17","5.5%","0","0.0%","73","11.9%","139","11.3%","0","0.0%","50","7.0%","0","0.0%"
"            5 or more years","240","47.0%","477","33.6%","72","25.7%","192","45.6%","188","24.7%","50","20.2%","277","67.6%","277","26.8%","236","26.3%","106","19.9%","248","52.3%","178","32.2%","49","31.8%","141","54.7%","378","52.6%","148","27.3%","68","17.1%","21","6.6%","171","43.4%","46","41.4%","246","32.3%","68","22.1%","103","62.8%","342","55.6%","315","25.6%","28","48.3%","300","42.0%","98","90.7%"
"    Number of grandparents responsible for own grandchildren under 18 years","289","289","835","835","135","135","290","290","412","412","105","105","281","281","602","602","584","584","225","225","374","374","201","201","75","75","225","225","560","560","217","217","113","113","142","142","325","325","105","105","426","426","122","122","120","120","461","461","638","638","36","36","490","490","101","101"
"        Who are female","172","59.5%","602","72.1%","77","57.0%","161","55.5%","233","56.6%","68","64.8%","142","50.5%","414","68.8%","316","54.1%","190","84.4%","250","66.8%","94","46.8%","65","86.7%","140","62.2%","383","68.4%","123","56.7%","47","41.6%","66","46.5%","170","52.3%","52","49.5%","267","62.7%","77","63.1%","78","65.0%","259","56.2%","408","63.9%","32","88.9%","343","70.0%","55","54.5%"
"        Who are married","229","79.2%","487","58.3%","87","64.4%","261","90.0%","334","81.1%","72","68.6%","266","94.7%","383","63.6%","441","75.5%","179","79.6%","191","51.1%","135","67.2%","36","48.0%","125","55.6%","392","70.0%","159","73.3%","23","20.4%","136","95.8%","214","65.8%","65","61.9%","240","56.3%","90","73.8%","86","71.7%","296","64.2%","405","63.5%","10","27.8%","287","58.6%","91","90.1%"
"SCHOOL ENROLLMENT","","","","","","","","","","","","","","","","","","","","","","","","","","","","","","","","","","","","","","","","","","","","","","","","","","","","","","","",""
"    Population 3 years and over enrolled in school","2,682","2,682","10,318","10,318","1,819","1,819","2,485","2,485","5,506","5,506","1,088","1,088","3,239","3,239","7,594","7,594","7,915","7,915","5,263","5,263","3,130","3,130","3,460","3,460","1,424","1,424","2,043","2,043","4,321","4,321","2,606","2,606","2,144","2,144","2,140","2,140","3,790","3,790","1,095","1,095","6,105","6,105","2,350","2,350","623","623","6,113","6,113","12,910","12,910","546","546","7,960","7,960","1,480","1,480"
"        Nursery school, preschool","160","6.0%","617","6.0%","57","3.1%","80","3.2%","194","3.5%","38","3.5%","182","5.6%","220","2.9%","661","8.4%","251","4.8%","156","5.0%","143","4.1%","166","11.7%","256","12.5%","181","4.2%","161","6.2%","103","4.8%","85","4.0%","269","7.1%","62","5.7%","391","6.4%","58","2.5%","53","8.5%","297","4.9%","664","5.1%","93","17.0%","180","2.3%","77","5.2%"
"        Kindergarten","315","11.7%","560","5.4%","188","10.3%","171","6.9%","169","3.1%","31","2.8%","238","7.3%","594","7.8%","498","6.3%","530","10.1%","167","5.3%","29","0.8%","14","1.0%","77","3.8%","91","2.1%","79","3.0%","187","8.7%","30","1.4%","105","2.8%","29","2.6%","377","6.2%","145","6.2%","97","15.6%","278","4.5%","666","5.2%","10","1.8%","106","1.3%","120","8.1%"
"        Elementary school (grades 1-8)","1,346","50.2%","4,671","45.3%","754","41.5%","1,154","46.4%","2,364","42.9%","551","50.6%","1,615","49.9%","3,528","46.5%","3,249","41.0%","2,186","41.5%","1,229","39.3%","1,762","50.9%","620","43.5%","884","43.3%","2,197","50.8%","1,447","55.5%","1,109","51.7%","1,067","49.9%","1,843","48.6%","599","54.7%","3,155","51.7%","1,150","48.9%","235","37.7%","3,144","51.4%","5,211","40.4%","280","51.3%","2,080","26.1%","595","40.2%"
"        High school (grades 9-12)","579","21.6%","2,345","22.7%","529","29.1%","703","28.3%","1,615","29.3%","250","23.0%","704","21.7%","1,759","23.2%","2,044","25.8%","1,174","22.3%","625","20.0%","916","26.5%","412","28.9%","421","20.6%","1,012","23.4%","716","27.5%","535","25.0%","461","21.5%","763","20.1%","218","19.9%","1,408","23.1%","548","23.3%","164","26.3%","1,553","25.4%","2,939","22.8%","125","22.9%","1,114","14.0%","452","30.5%"
"        College or graduate school","282","10.5%","2,125","20.6%","291","16.0%","377","15.2%","1,164","21.1%","218","20.0%","500","15.4%","1,493","19.7%","1,463","18.5%","1,122","21.3%","953","30.4%","610","17.6%","212","14.9%","405","19.8%","840","19.4%","203","7.8%","210","9.8%","497","23.2%","810","21.4%","187","17.1%","774","12.7%","449","19.1%","74","11.9%","841","13.8%","3,430","26.6%","38","7.0%","4,480","56.3%","236","15.9%"
"EDUCATIONAL ATTAINMENT","","","","","","","","","","","","","","","","","","","","","","","","","","","","","","","","","","","","","","","","","","","","","","","","","","","","","","","",""
"    Population 25 years and over","8,467","8,467","34,293","34,293","5,810","5,810","9,773","9,773","18,328","18,328","5,561","5,561","10,206","10,206","25,186","25,186","25,594","25,594","15,934","15,934","9,962","9,962","11,140","11,140","5,345","5,345","7,227","7,227","15,377","15,377","9,123","9,123","8,194","8,194","8,275","8,275","11,868","11,868","4,391","4,391","19,217","19,217","10,226","10,226","3,019","3,019","19,595","19,595","41,556","41,556","1,525","1,525","14,254","14,254","4,484","4,484"
"        Less than 9th grade","829","9.8%","959","2.8%","242","4.2%","736","7.5%","1,464","8.0%","679","12.2%","807","7.9%","2,227","8.8%","1,135","4.4%","977","6.1%","1,260","12.6%","1,070","9.6%","686","12.8%","491","6.8%","1,487","9.7%","1,074","11.8%","1,050","12.8%","941","11.4%","803","6.8%","494","11.3%","1,242","6.5%","1,112","10.9%","481","15.9%","1,648","8.4%","3,805","9.2%","101","6.6%","798","5.6%","647","14.4%"
"        9th to 12th grade, no diploma","742","8.8%","2,917","8.5%","453","7.8%","1,270","13.0%","1,988","10.8%","689","12.4%","1,088","10.7%","2,989","11.9%","1,462","5.7%","1,764","11.1%","1,555","15.6%","1,498","13.4%","731","13.7%","811","11.2%","1,751","11.4%","872","9.6%","1,206","14.7%","1,104","13.3%","910","7.7%","397","9.0%","1,597","8.3%","1,190","11.6%","383","12.7%","2,343","12.0%","4,607","11.1%","140","9.2%","1,085","7.6%","986","22.0%"
"        High school graduate (includes equivalency)","3,739","44.2%","10,964","32.0%","2,530","43.5%","3,921","40.1%","7,361","40.2%","2,529","45.5%","4,331","42.4%","9,887","39.3%","9,428","36.8%","6,553","41.1%","2,782","27.9%","4,855","43.6%","2,215","41.4%","2,991","41.4%","5,537","36.0%","4,052","44.4%","3,260","39.8%","3,052","36.9%","3,771","31.8%","1,884","42.9%","7,975","41.5%","3,873","37.9%","1,319","43.7%","6,730","34.3%","16,075","38.7%","596","39.1%","4,870","34.2%","1,459","32.5%"
"        Some college, no degree","1,369","16.2%","7,997","23.3%","1,013","17.4%","1,585","16.2%","3,141","17.1%","811","14.6%","1,436","14.1%","5,071","20.1%","5,630","22.0%","3,063","19.2%","1,773","17.8%","1,900","17.1%","1,029","19.3%","1,611","22.3%","3,083","20.0%","1,380","15.1%","1,358","16.6%","1,504","18.2%","2,248","18.9%","784","17.9%","3,552","18.5%","1,658","16.2%","414","13.7%","4,248","21.7%","7,336","17.7%","304","19.9%","2,664","18.7%","835","18.6%"
"        Associate's degree","572","6.8%","4,307","12.6%","551","9.5%","597","6.1%","1,718","9.4%","288","5.2%","933","9.1%","1,725","6.8%","3,430","13.4%","1,256","7.9%","968","9.7%","607","5.4%","292","5.5%","488","6.8%","1,506","9.8%","817","9.0%","428","5.2%","781","9.4%","1,455","12.3%","359","8.2%","1,360","7.1%","578","5.7%","87","2.9%","2,035","10.4%","3,147","7.6%","198","13.0%","977","6.9%","241","5.4%"
"        Bachelor's degree","682","8.1%","3,883","11.3%","647","11.1%","803","8.2%","1,543","8.4%","387","7.0%","998","9.8%","1,906","7.6%","2,338","9.1%","1,291","8.1%","746","7.5%","645","5.8%","275","5.1%","518","7.2%","1,134","7.4%","539","5.9%","299","3.6%","566","6.8%","1,423","12.0%","329","7.5%","2,061","10.7%","928","9.1%","226","7.5%","1,139","5.8%","3,511","8.4%","149","9.8%","1,812","12.7%","104","2.3%"
"        Graduate or professional degree","534","6.3%","3,266","9.5%","374","6.4%","861","8.8%","1,113","6.1%","178","3.2%","613","6.0%","1,381","5.5%","2,171","8.5%","1,030","6.5%","878","8.8%","565","5.1%","117","2.2%","317","4.4%","879","5.7%","389","4.3%","593","7.2%","327","4.0%","1,258","10.6%","144","3.3%","1,430","7.4%","887","8.7%","109","3.6%","1,452","7.4%","3,075","7.4%","37","2.4%","2,048","14.4%","212","4.7%"
"        High school graduate or higher","6,896","81.4%","30,417","88.7%","5,115","88.0%","7,767","79.5%","14,876","81.2%","4,193","75.4%","8,311","81.4%","19,970","79.3%","22,997","89.9%","13,193","82.8%","7,147","71.7%","8,572","76.9%","3,928","73.5%","5,925","82.0%","12,139","78.9%","7,177","78.7%","5,938","72.5%","6,230","75.3%","10,155","85.6%","3,500","79.7%","16,378","85.2%","7,924","77.5%","2,155","71.4%","15,604","79.6%","33,144","79.8%","1,284","84.2%","12,371","86.8%","2,851","63.6%"
"        Bachelor's degree or higher","1,216","14.4%","7,149","20.8%","1,021","17.6%","1,664","17.0%","2,656","14.5%","565","10.2%","1,611","15.8%","3,287","13.1%","4,509","17.6%","2,321","14.6%","1,624","16.3%","1,210","10.9%","392","7.3%","835","11.6%","2,013","13.1%","928","10.2%","892","10.9%","893","10.8%","2,681","22.6%","473","10.8%","3,491","18.2%","1,815","17.7%","335","11.1%","2,591","13.2%","6,586","15.8%","186","12.2%","3,860","27.1%","316","7.0%"
"VETERAN STATUS","","","","","","","","","","","","","","","","","","","","","","","","","","","","","","","","","","","","","","","","","","","","","","","","","","","","","","","",""
"    Civilian population 18 years and over","9,528","9,528","37,847","37,847","6,441","6,441","10,808","10,808","20,772","20,772","6,099","6,099","11,416","11,416","27,836","27,836","28,150","28,150","17,635","17,635","11,419","11,419","12,233","12,233","5,834","5,834","8,229","8,229","16,874","16,874","10,073","10,073","9,035","9,035","9,082","9,082","13,163","13,163","4,811","4,811","21,618","21,618","11,232","11,232","3,303","3,303","21,549","21,549","46,316","46,316","1,647","1,647","19,763","19,763","5,050","5,050"
"        Civilian veterans","428","4.5%","3,335","8.8%","438","6.8%","474","4.4%","1,340","6.5%","382","6.3%","709","6.2%","1,315","4.7%","2,145","7.6%","880","5.0%","434","3.8%","511","4.2%","386","6.6%","307","3.7%","949","5.6%","635","6.3%","352","3.9%","224","2.5%","826","6.3%","337","7.0%","1,588","7.3%","629","5.6%","142","4.3%","1,158","5.4%","2,293","5.0%","107","6.5%","920","4.7%","196","3.9%"
"DISABILITY STATUS OF THE CIVILIAN NONINSTITUTIONALIZED POPULATION","","","","","","","","","","","","","","","","","","","","","","","","","","","","","","","","","","","","","","","","","","","","","","","","","","","","","","","",""
"    Total Civilian Noninstitutionalized Population","12,664","12,664","46,607","46,607","8,391","8,391","13,485","13,485","26,369","26,369","6,073","6,073","15,090","15,090","35,249","35,249","35,399","35,399","22,142","22,142","14,180","14,180","16,132","16,132","6,648","6,648","10,143","10,143","21,266","21,266","12,920","12,920","11,518","11,518","9,988","9,988","16,794","16,794","6,111","6,111","27,826","27,826","12,226","12,226","3,962","3,962","27,564","27,564","57,447","57,447","2,146","2,146","24,214","24,214","6,428","6,428"
"        With a disability","2,861","22.6%","10,188","21.9%","1,426","17.0%","4,129","30.6%","5,771","21.9%","1,665","27.4%","3,119","20.7%","9,124","25.9%","7,247","20.5%","5,605","25.3%","3,917","27.6%","4,043","25.1%","1,895","28.5%","2,824","27.8%","6,632","31.2%","2,687","20.8%","3,617","31.4%","3,242","32.5%","3,020","18.0%","1,556","25.5%","5,811","20.9%","3,191","26.1%","1,282","32.4%","8,634","31.3%","16,684","29.0%","357","16.6%","3,926","16.2%","2,286","35.6%"
"    Under 18 years","3,211","3,211","10,344","10,344","1,979","1,979","2,752","2,752","5,899","5,899","1,279","1,279","3,695","3,695","7,930","7,930","7,684","7,684","4,972","4,972","2,856","2,856","3,995","3,995","1,487","1,487","2,239","2,239","4,616","4,616","2,990","2,990","2,612","2,612","2,183","2,183","3,896","3,896","1,363","1,363","6,527","6,527","2,578","2,578","751","751","6,562","6,562","11,880","11,880","560","560","4,762","4,762","1,488","1,488"
"        With a disability","236","7.3%","966","9.3%","101","5.1%","202","7.3%","421","7.1%","162","12.7%","188","5.1%","580","7.3%","450","5.9%","272","5.5%","211","7.4%","246","6.2%","50","3.4%","165","7.4%","373","8.1%","99","3.3%","153","5.9%","126","5.8%","257","6.6%","97","7.1%","551","8.4%","134","5.2%","34","4.5%","873","13.3%","1,512","12.7%","37","6.6%","317","6.7%","239","16.1%"
"    18 to 64 years","7,356","7,356","27,015","27,015","5,002","5,002","8,371","8,371","15,351","15,351","3,378","3,378","8,663","8,663","20,751","20,751","20,296","20,296","13,073","13,073","8,613","8,613","9,245","9,245","3,927","3,927","6,051","6,051","12,435","12,435","7,518","7,518","6,905","6,905","5,972","5,972","9,767","9,767","3,528","3,528","16,697","16,697","7,355","7,355","2,393","2,393","16,483","16,483","34,703","34,703","1,250","1,250","16,115","16,115","3,728","3,728"
"        With a disability","1,620","22.0%","5,590","20.7%","857","17.1%","2,567","30.7%","2,874","18.7%","885","26.2%","1,821","21.0%","5,207","25.1%","3,605","17.8%","3,504","26.8%","2,185","25.4%","2,345","25.4%","1,081","27.5%","1,702","28.1%","3,846","30.9%","1,396","18.6%","2,281","33.0%","1,769","29.6%","1,732","17.7%","745","21.1%","2,839","17.0%","1,649","22.4%","842","35.2%","4,963","30.1%","9,542","27.5%","166","13.3%","1,944","12.1%","1,394","37.4%"
"    65 years and over","2,097","2,097","9,248","9,248","1,410","1,410","2,362","2,362","5,119","5,119","1,416","1,416","2,732","2,732","6,568","6,568","7,419","7,419","4,097","4,097","2,711","2,711","2,892","2,892","1,234","1,234","1,853","1,853","4,215","4,215","2,412","2,412","2,001","2,001","1,833","1,833","3,131","3,131","1,220","1,220","4,602","4,602","2,293","2,293","818","818","4,519","4,519","10,864","10,864","336","336","3,337","3,337","1,212","1,212"
"        With a disability","1,005","47.9%","3,632","39.3%","468","33.2%","1,360","57.6%","2,476","48.4%","618","43.6%","1,110","40.6%","3,337","50.8%","3,192","43.0%","1,829","44.6%","1,521","56.1%","1,452","50.2%","764","61.9%","957","51.6%","2,413","57.2%","1,192","49.4%","1,183","59.1%","1,347","73.5%","1,031","32.9%","714","58.5%","2,421","52.6%","1,408","61.4%","406","49.6%","2,798","61.9%","5,630","51.8%","154","45.8%","1,665","49.9%","653","53.9%"
"RESIDENCE 1 YEAR AGO","","","","","","","","","","","","","","","","","","","","","","","","","","","","","","","","","","","","","","","","","","","","","","","","","","","","","","","",""
"    Population 1 year and over","12,606","12,606","47,859","47,859","8,349","8,349","13,411","13,411","26,358","26,358","7,340","7,340","14,971","14,971","35,408","35,408","35,447","35,447","22,350","22,350","14,196","14,196","16,000","16,000","7,312","7,312","10,359","10,359","21,291","21,291","12,839","12,839","11,562","11,562","11,196","11,196","16,757","16,757","6,095","6,095","27,872","27,872","13,728","13,728","3,992","3,992","27,899","27,899","57,667","57,667","2,203","2,203","24,255","24,255","6,529","6,529"
"        Same house","11,295","89.6%","41,532","86.8%","7,887","94.5%","12,155","90.6%","24,553","93.2%","6,481","88.3%","13,235","88.4%","31,839","89.9%","31,893","90.0%","20,517","91.8%","12,939","91.1%","15,025","93.9%","6,245","85.4%","9,694","93.6%","19,128","89.8%","11,418","88.9%","10,395","89.9%","9,948","88.9%","14,555","86.9%","5,344","87.7%","24,527","88.0%","12,769","93.0%","3,614","90.5%","24,137","86.5%","51,257","88.9%","1,733","78.7%","20,684","85.3%","6,239","95.6%"
"        Different house (in the U.S. or abroad)","1,311","10.4%","6,327","13.2%","462","5.5%","1,256","9.4%","1,805","6.8%","859","11.7%","1,736","11.6%","3,569","10.1%","3,554","10.0%","1,833","8.2%","1,257","8.9%","975","6.1%","1,067","14.6%","665","6.4%","2,163","10.2%","1,421","11.1%","1,167","10.1%","1,248","11.1%","2,202","13.1%","751","12.3%","3,345","12.0%","959","7.0%","378","9.5%","3,762","13.5%","6,410","11.1%","470","21.3%","3,571","14.7%","290","4.4%"
"            Different house in the U.S.","1,297","10.3%","6,188","12.9%","455","5.4%","1,244","9.3%","1,800","6.8%","859","11.7%","1,731","11.6%","3,548","10.0%","3,457","9.8%","1,833","8.2%","1,247","8.8%","975","6.1%","1,061","14.5%","652","6.3%","2,120","10.0%","1,421","11.1%","1,119","9.7%","1,227","11.0%","2,167","12.9%","751","12.3%","3,339","12.0%","951","6.9%","378","9.5%","3,762","13.5%","6,378","11.1%","470","21.3%","3,546","14.6%","282","4.3%"
"                Same county","772","6.1%","3,113","6.5%","244","2.9%","797","5.9%","1,194","4.5%","142","1.9%","1,085","7.2%","2,176","6.1%","1,373","3.9%","1,147","5.1%","592","4.2%","517","3.2%","218","3.0%","341","3.3%","1,262","5.9%","534","4.2%","527","4.6%","263","2.3%","769","4.6%","241","4.0%","1,166","4.2%","373","2.7%","257","6.4%","2,840","10.2%","3,566","6.2%","142","6.4%","1,197","4.9%","147","2.3%"
"                Different county","525","4.2%","3,075","6.4%","211","2.5%","447","3.3%","606","2.3%","717","9.8%","646","4.3%","1,372","3.9%","2,084","5.9%","686","3.1%","655","4.6%","458","2.9%","843","11.5%","311","3.0%","858","4.0%","887","6.9%","592","5.1%","964","8.6%","1,398","8.3%","510","8.4%","2,173","7.8%","578","4.2%","121","3.0%","922","3.3%","2,812","4.9%","328","14.9%","2,349","9.7%","135","2.1%"
"                    Same state","426","3.4%","1,976","4.1%","106","1.3%","385","2.9%","257","1.0%","564","7.7%","450","3.0%","816","2.3%","1,296","3.7%","456","2.0%","356","2.5%","186","1.2%","768","10.5%","290","2.8%","739","3.5%","494","3.8%","243","2.1%","696","6.2%","976","5.8%","438","7.2%","1,844","6.6%","540","3.9%","86","2.2%","403","1.4%","1,127","2.0%","297","13.5%","1,775","7.3%","92","1.4%"
"                    Different state","99","0.8%","1,099","2.3%","105","1.3%","62","0.5%","349","1.3%","153","2.1%","196","1.3%","556","1.6%","788","2.2%","230","1.0%","299","2.1%","272","1.7%","75","1.0%","21","0.2%","119","0.6%","393","3.1%","349","3.0%","268","2.4%","422","2.5%","72","1.2%","329","1.2%","38","0.3%","35","0.9%","519","1.9%","1,685","2.9%","31","1.4%","574","2.4%","43","0.7%"
"            Abroad","14","0.1%","139","0.3%","7","0.1%","12","0.1%","5","0.0%","0","0.0%","5","0.0%","21","0.1%","97","0.3%","0","0.0%","10","0.1%","0","0.0%","6","0.1%","13","0.1%","43","0.2%","0","0.0%","48","0.4%","21","0.2%","35","0.2%","0","0.0%","6","0.0%","8","0.1%","0","0.0%","0","0.0%","32","0.1%","0","0.0%","25","0.1%","8","0.1%"
"PLACE OF BIRTH","","","","","","","","","","","","","","","","","","","","","","","","","","","","","","","","","","","","","","","","","","","","","","","","","","","","","","","",""
"    Total population","12,739","12,739","48,242","48,242","8,420","8,420","13,580","13,580","26,671","26,671","7,378","7,378","15,111","15,111","35,780","35,780","35,853","35,853","22,631","22,631","14,282","14,282","16,228","16,228","7,338","7,338","10,468","10,468","21,490","21,490","13,063","13,063","11,647","11,647","11,298","11,298","17,068","17,068","6,174","6,174","28,188","28,188","13,840","13,840","4,054","4,054","28,136","28,136","58,196","58,196","2,207","2,207","24,551","24,551","6,573","6,573"
"        Native","12,705","99.7%","47,787","99.1%","8,363","99.3%","13,464","99.1%","26,412","99.0%","7,369","99.9%","14,945","98.9%","35,610","99.5%","35,517","99.1%","22,307","98.6%","14,211","99.5%","16,098","99.2%","7,299","99.5%","10,434","99.7%","21,398","99.6%","12,992","99.5%","11,575","99.4%","11,197","99.1%","16,804","98.5%","6,148","99.6%","27,843","98.8%","13,661","98.7%","4,048","99.9%","27,892","99.1%","57,754","99.2%","2,203","99.8%","24,090","98.1%","6,568","99.9%"
"            Born in United States","12,674","99.5%","47,294","98.0%","8,327","98.9%","13,408","98.7%","26,275","98.5%","7,365","99.8%","14,910","98.7%","35,517","99.3%","35,428","98.8%","22,252","98.3%","14,166","99.2%","16,071","99.0%","7,281","99.2%","10,412","99.5%","21,344","99.3%","12,968","99.3%","11,567","99.3%","11,156","98.7%","16,710","97.9%","6,148","99.6%","27,696","98.3%","13,603","98.3%","3,983","98.2%","27,867","99.0%","57,566","98.9%","2,203","99.8%","24,003","97.8%","6,568","99.9%"
"                State of residence","10,210","80.1%","30,558","63.3%","6,515","77.4%","11,728","86.4%","19,329","72.5%","5,901","80.0%","12,226","80.9%","30,369","84.9%","20,136","56.2%","18,209","80.5%","11,794","82.6%","10,870","67.0%","5,648","77.0%","9,574","91.5%","17,853","83.1%","7,265","55.6%","9,197","79.0%","7,431","65.8%","12,721","74.5%","4,667","75.6%","22,161","78.6%","11,252","81.3%","3,430","84.6%","24,239","86.1%","44,510","76.5%","1,888","85.5%","18,514","75.4%","5,726","87.1%"
"                Different state","2,464","19.3%","16,736","34.7%","1,812","21.5%","1,680","12.4%","6,946","26.0%","1,464","19.8%","2,684","17.8%","5,148","14.4%","15,292","42.7%","4,043","17.9%","2,372","16.6%","5,201","32.0%","1,633","22.3%","838","8.0%","3,491","16.2%","5,703","43.7%","2,370","20.3%","3,725","33.0%","3,989","23.4%","1,481","24.0%","5,535","19.6%","2,351","17.0%","553","13.6%","3,628","12.9%","13,056","22.4%","315","14.3%","5,489","22.4%","842","12.8%"
"            Born in Puerto Rico, U.S. Island areas, or born abroad to American parent(s)","31","0.2%","493","1.0%","36","0.4%","56","0.4%","137","0.5%","4","0.1%","35","0.2%","93","0.3%","89","0.2%","55","0.2%","45","0.3%","27","0.2%","18","0.2%","22","0.2%","54","0.3%","24","0.2%","8","0.1%","41","0.4%","94","0.6%","0","0.0%","147","0.5%","58","0.4%","65","1.6%","25","0.1%","188","0.3%","0","0.0%","87","0.4%","0","0.0%"
"        Foreign born","34","0.3%","455","0.9%","57","0.7%","116","0.9%","259","1.0%","9","0.1%","166","1.1%","170","0.5%","336","0.9%","324","1.4%","71","0.5%","130","0.8%","39","0.5%","34","0.3%","92","0.4%","71","0.5%","72","0.6%","101","0.9%","264","1.5%","26","0.4%","345","1.2%","179","1.3%","6","0.1%","244","0.9%","442","0.8%","4","0.2%","461","1.9%","5","0.1%"
"U.S. CITIZENSHIP STATUS","","","","","","","","","","","","","","","","","","","","","","","","","","","","","","","","","","","","","","","","","","","","","","","","","","","","","","","",""
"    Foreign-born population","34","34","455","455","57","57","116","116","259","259","9","9","166","166","170","170","336","336","324","324","71","71","130","130","39","39","34","34","92","92","71","71","72","72","101","101","264","264","26","26","345","345","179","179","6","6","244","244","442","442","4","4","461","461","5","5"
"        Naturalized U.S. citizen","20","58.8%","265","58.2%","32","56.1%","58","50.0%","80","30.9%","4","44.4%","102","61.4%","44","25.9%","245","72.9%","214","66.0%","36","50.7%","89","68.5%","22","56.4%","24","70.6%","81","88.0%","60","84.5%","0","0.0%","41","40.6%","130","49.2%","26","100.0%","180","52.2%","27","15.1%","6","100.0%","100","41.0%","196","44.3%","0","0.0%","187","40.6%","0","0.0%"
"        Not a U.S. citizen","14","41.2%","190","41.8%","25","43.9%","58","50.0%","179","69.1%","5","55.6%","64","38.6%","126","74.1%","91","27.1%","110","34.0%","35","49.3%","41","31.5%","17","43.6%","10","29.4%","11","12.0%","11","15.5%","72","100.0%","60","59.4%","134","50.8%","0","0.0%","165","47.8%","152","84.9%","0","0.0%","144","59.0%","246","55.7%","4","100.0%","274","59.4%","5","100.0%"
"YEAR OF ENTRY","","","","","","","","","","","","","","","","","","","","","","","","","","","","","","","","","","","","","","","","","","","","","","","","","","","","","","","",""
"    Population born outside the United States","65","65","948","948","93","93","172","172","396","396","13","13","201","201","263","263","425","425","379","379","116","116","157","157","57","57","56","56","146","146","95","95","80","80","142","142","358","358","26","26","492","492","237","237","71","71","269","269","630","630","4","4","548","548","5","5"
"        Native","31","31","493","493","36","36","56","56","137","137","4","4","35","35","93","93","89","89","55","55","45","45","27","27","18","18","22","22","54","54","24","24","8","8","41","41","94","94","0","0","147","147","58","58","65","65","25","25","188","188","0","0","87","87","0","0"
"            Entered 2010 or later","4","12.9%","41","8.3%","16","44.4%","0","0.0%","0","0.0%","0","0.0%","0","0.0%","4","4.3%","16","18.0%","0","0.0%","10","22.2%","0","0.0%","18","100.0%","0","0.0%","0","0.0%","0","0.0%","0","0.0%","9","22.0%","44","46.8%","0","-","12","8.2%","22","37.9%","0","0.0%","0","0.0%","28","14.9%","0","-","0","0.0%","0","-"
"            Entered before 2010","27","87.1%","452","91.7%","20","55.6%","56","100.0%","137","100.0%","4","100.0%","35","100.0%","89","95.7%","73","82.0%","55","100.0%","35","77.8%","27","100.0%","0","0.0%","22","100.0%","54","100.0%","24","100.0%","8","100.0%","32","78.0%","50","53.2%","0","-","135","91.8%","36","62.1%","65","100.0%","25","100.0%","160","85.1%","0","-","87","100.0%","0","-"
"        Foreign born","34","34","455","455","57","57","116","116","259","259","9","9","166","166","170","170","336","336","324","324","71","71","130","130","39","39","34","34","92","92","71","71","72","72","101","101","264","264","26","26","345","345","179","179","6","6","244","244","442","442","4","4","461","461","5","5"
"            Entered 2010 or later","25","73.5%","124","27.3%","23","40.4%","17","14.7%","4","1.5%","0","0.0%","18","10.8%","58","34.1%","29","8.6%","160","49.4%","40","56.3%","17","13.1%","0","0.0%","2","5.9%","8","8.7%","60","84.5%","48","66.7%","10","9.9%","70","26.5%","11","42.3%","106","30.7%","127","70.9%","0","0.0%","73","29.9%","262","59.3%","4","100.0%","222","48.2%","5","100.0%"
"            Entered before 2010","9","26.5%","331","72.7%","34","59.6%","99","85.3%","255","98.5%","9","100.0%","148","89.2%","112","65.9%","307","91.4%","164","50.6%","31","43.7%","113","86.9%","39","100.0%","32","94.1%","84","91.3%","11","15.5%","24","33.3%","91","90.1%","194","73.5%","15","57.7%","239","69.3%","52","29.1%","6","100.0%","171","70.1%","180","40.7%","0","0.0%","239","51.8%","0","0.0%"
"WORLD REGION OF BIRTH OF FOREIGN BORN","","","","","","","","","","","","","","","","","","","","","","","","","","","","","","","","","","","","","","","","","","","","","","","","","","","","","","","",""
"    Foreign-born population, excluding population born at sea","34","34","455","455","57","57","116","116","259","259","9","9","166","166","170","170","336","336","324","324","71","71","130","130","39","39","34","34","92","92","71","71","72","72","101","101","264","264","26","26","345","345","179","179","6","6","244","244","442","442","4","4","461","461","5","5"
"        Europe","0","0.0%","96","21.1%","2","3.5%","0","0.0%","58","22.4%","0","0.0%","31","18.7%","0","0.0%","36","10.7%","34","10.5%","6","8.5%","47","36.2%","18","46.2%","0","0.0%","53","57.6%","7","9.9%","0","0.0%","31","30.7%","55","20.8%","11","42.3%","58","16.8%","7","3.9%","0","0.0%","6","2.5%","94","21.3%","0","0.0%","38","8.2%","0","0.0%"
"        Asia","8","23.5%","169","37.1%","14","24.6%","106","91.4%","34","13.1%","0","0.0%","79","47.6%","122","71.8%","205","61.0%","192","59.3%","9","12.7%","66","50.8%","10","25.6%","26","76.5%","30","32.6%","53","74.6%","48","66.7%","10","9.9%","33","12.5%","0","0.0%","61","17.7%","72","40.2%","6","100.0%","134","54.9%","169","38.2%","0","0.0%","144","31.2%","5","100.0%"
"        Africa","10","29.4%","5","1.1%","16","28.1%","0","0.0%","0","0.0%","0","0.0%","0","0.0%","34","20.0%","6","1.8%","0","0.0%","0","0.0%","0","0.0%","0","0.0%","0","0.0%","0","0.0%","0","0.0%","0","0.0%","0","0.0%","27","10.2%","1","3.8%","0","0.0%","47","26.3%","0","0.0%","17","7.0%","68","15.4%","0","0.0%","51","11.1%","0","0.0%"
"        Oceania","0","0.0%","0","0.0%","7","12.3%","0","0.0%","0","0.0%","0","0.0%","0","0.0%","0","0.0%","0","0.0%","0","0.0%","0","0.0%","0","0.0%","0","0.0%","0","0.0%","0","0.0%","0","0.0%","0","0.0%","0","0.0%","0","0.0%","0","0.0%","24","7.0%","0","0.0%","0","0.0%","0","0.0%","16","3.6%","0","0.0%","0","0.0%","0","0.0%"
"        Latin America","16","47.1%","173","38.0%","18","31.6%","10","8.6%","157","60.6%","5","55.6%","48","28.9%","14","8.2%","62","18.5%","98","30.2%","56","78.9%","17","13.1%","11","28.2%","8","23.5%","0","0.0%","11","15.5%","24","33.3%","60","59.4%","132","50.0%","14","53.8%","202","58.6%","42","23.5%","0","0.0%","30","12.3%","95","21.5%","4","100.0%","228","49.5%","0","0.0%"
"        Northern America","0","0.0%","12","2.6%","0","0.0%","0","0.0%","10","3.9%","4","44.4%","8","4.8%","0","0.0%","27","8.0%","0","0.0%","0","0.0%","0","0.0%","0","0.0%","0","0.0%","9","9.8%","0","0.0%","0","0.0%","0","0.0%","17","6.4%","0","0.0%","0","0.0%","11","6.1%","0","0.0%","57","23.4%","0","0.0%","0","0.0%","0","0.0%","0","0.0%"
"LANGUAGE SPOKEN AT HOME","","","","","","","","","","","","","","","","","","","","","","","","","","","","","","","","","","","","","","","","","","","","","","","","","","","","","","","",""
"    Population 5 years and over","11,898","11,898","45,548","45,548","7,926","7,926","12,804","12,804","25,125","25,125","7,073","7,073","14,101","14,101","33,749","33,749","34,058","34,058","21,442","21,442","13,564","13,564","15,108","15,108","6,966","6,966","9,923","9,923","20,339","20,339","12,322","12,322","10,950","10,950","10,766","10,766","16,066","16,066","5,701","5,701","26,557","26,557","13,184","13,184","3,827","3,827","26,426","26,426","55,229","55,229","2,112","2,112","23,220","23,220","6,161","6,161"
"        English only","11,361","95.5%","44,560","97.8%","7,823","98.7%","12,681","99.0%","24,803","98.7%","7,010","99.1%","13,488","95.7%","33,462","99.1%","33,659","98.8%","21,068","98.3%","13,459","99.2%","14,917","98.7%","6,916","99.3%","9,783","98.6%","20,079","98.7%","12,274","99.6%","10,806","98.7%","10,632","98.8%","15,497","96.5%","5,564","97.6%","25,529","96.1%","12,976","98.4%","3,827","100.0%","25,708","97.3%","54,684","99.0%","2,094","99.1%","22,515","97.0%","6,088","98.8%"
"        Language other than English","537","4.5%","988","2.2%","103","1.3%","123","1.0%","322","1.3%","63","0.9%","613","4.3%","287","0.9%","399","1.2%","374","1.7%","105","0.8%","191","1.3%","50","0.7%","140","1.4%","260","1.3%","48","0.4%","144","1.3%","134","1.2%","569","3.5%","137","2.4%","1,028","3.9%","208","1.6%","0","0.0%","718","2.7%","545","1.0%","18","0.9%","705","3.0%","73","1.2%"
"            Speak English less than ""very well""","209","1.8%","309","0.7%","0","0.0%","58","0.5%","28","0.1%","0","0.0%","107","0.8%","154","0.5%","115","0.3%","79","0.4%","43","0.3%","70","0.5%","7","0.1%","8","0.1%","52","0.3%","0","0.0%","24","0.2%","61","0.6%","136","0.8%","0","0.0%","134","0.5%","30","0.2%","0","0.0%","194","0.7%","253","0.5%","18","0.9%","183","0.8%","4","0.1%"
"        Spanish","188","1.6%","578","1.3%","56","0.7%","25","0.2%","58","0.2%","14","0.2%","254","1.8%","37","0.1%","248","0.7%","72","0.3%","77","0.6%","43","0.3%","23","0.3%","45","0.5%","141","0.7%","0","0.0%","96","0.9%","92","0.9%","289","1.8%","136","2.4%","789","3.0%","88","0.7%","0","0.0%","268","1.0%","215","0.4%","0","0.0%","427","1.8%","64","1.0%"
"            Speak English less than ""very well""","7","0.1%","215","0.5%","0","0.0%","8","0.1%","9","0.0%","0","0.0%","28","0.2%","25","0.1%","83","0.2%","62","0.3%","36","0.3%","17","0.1%","7","0.1%","8","0.1%","44","0.2%","0","0.0%","24","0.2%","61","0.6%","33","0.2%","0","0.0%","76","0.3%","14","0.1%","0","0.0%","50","0.2%","127","0.2%","0","0.0%","111","0.5%","0","0.0%"
"        Other Indo-European languages","320","2.7%","165","0.4%","31","0.4%","28","0.2%","202","0.8%","49","0.7%","282","2.0%","101","0.3%","121","0.4%","79","0.4%","1","0.0%","79","0.5%","27","0.4%","71","0.7%","96","0.5%","48","0.4%","0","0.0%","12","0.1%","180","1.1%","0","0.0%","201","0.8%","57","0.4%","0","0.0%","50","0.2%","115","0.2%","18","0.9%","137","0.6%","4","0.1%"
"            Speak English less than ""very well""","199","1.7%","11","0.0%","0","0.0%","0","0.0%","13","0.1%","0","0.0%","72","0.5%","56","0.2%","29","0.1%","0","0.0%","0","0.0%","53","0.4%","0","0.0%","0","0.0%","0","0.0%","0","0.0%","0","0.0%","0","0.0%","45","0.3%","0","0.0%","47","0.2%","0","0.0%","0","0.0%","26","0.1%","53","0.1%","18","0.9%","0","0.0%","4","0.1%"
"        Asian and Pacific Islander languages","19","0.2%","177","0.4%","0","0.0%","56","0.4%","30","0.1%","0","0.0%","68","0.5%","71","0.2%","28","0.1%","190","0.9%","17","0.1%","69","0.5%","0","0.0%","24","0.2%","23","0.1%","0","0.0%","48","0.4%","10","0.1%","100","0.6%","0","0.0%","34","0.1%","47","0.4%","0","0.0%","233","0.9%","152","0.3%","0","0.0%","67","0.3%","5","0.1%"
"            Speak English less than ""very well""","3","0.0%","64","0.1%","0","0.0%","50","0.4%","0","0.0%","0","0.0%","7","0.0%","39","0.1%","3","0.0%","0","0.0%","0","0.0%","0","0.0%","0","0.0%","0","0.0%","8","0.0%","0","0.0%","0","0.0%","0","0.0%","58","0.4%","0","0.0%","11","0.0%","8","0.1%","0","0.0%","110","0.4%","28","0.1%","0","0.0%","53","0.2%","0","0.0%"
"        Other languages","10","0.1%","68","0.1%","16","0.2%","14","0.1%","32","0.1%","0","0.0%","9","0.1%","78","0.2%","2","0.0%","33","0.2%","10","0.1%","0","0.0%","0","0.0%","0","0.0%","0","0.0%","0","0.0%","0","0.0%","20","0.2%","0","0.0%","1","0.0%","4","0.0%","16","0.1%","0","0.0%","167","0.6%","63","0.1%","0","0.0%","74","0.3%","0","0.0%"
"            Speak English less than ""very well""","0","0.0%","19","0.0%","0","0.0%","0","0.0%","6","0.0%","0","0.0%","0","0.0%","34","0.1%","0","0.0%","17","0.1%","7","0.1%","0","0.0%","0","0.0%","0","0.0%","0","0.0%","0","0.0%","0","0.0%","0","0.0%","0","0.0%","0","0.0%","0","0.0%","8","0.1%","0","0.0%","8","0.0%","45","0.1%","0","0.0%","19","0.1%","0","0.0%"
"ANCESTRY","","","","","","","","","","","","","","","","","","","","","","","","","","","","","","","","","","","","","","","","","","","","","","","","","","","","","","","",""
"    Total population","12,739","12,739","48,242","48,242","8,420","8,420","13,580","13,580","26,671","26,671","7,378","7,378","15,111","15,111","35,780","35,780","35,853","35,853","22,631","22,631","14,282","14,282","16,228","16,228","7,338","7,338","10,468","10,468","21,490","21,490","13,063","13,063","11,647","11,647","11,298","11,298","17,068","17,068","6,174","6,174","28,188","28,188","13,840","13,840","4,054","4,054","28,136","28,136","58,196","58,196","2,207","2,207","24,551","24,551","6,573","6,573"
"        American","4,504","35.4%","8,915","18.5%","1,558","18.5%","5,214","38.4%","4,286","16.1%","2,695","36.5%","4,552","30.1%","7,745","21.6%","7,545","21.0%","6,991","30.9%","1,255","8.8%","2,321","14.3%","1,680","22.9%","1,215","11.6%","2,415","11.2%","4,342","33.2%","3,866","33.2%","2,956","26.2%","3,888","22.8%","2,864","46.4%","9,513","33.7%","5,220","37.7%","2,079","51.3%","2,642","9.4%","12,827","22.0%","417","18.9%","7,443","30.3%","793","12.1%"
"        Arab","0","0.0%","64","0.1%","16","0.2%","14","0.1%","4","0.0%","0","0.0%","0","0.0%","12","0.0%","10","0.0%","67","0.3%","0","0.0%","2","0.0%","0","0.0%","0","0.0%","5","0.0%","0","0.0%","0","0.0%","10","0.1%","0","0.0%","12","0.2%","31","0.1%","0","0.0%","0","0.0%","0","0.0%","92","0.2%","7","0.3%","0","0.0%","0","0.0%"
"        Czech","0","0.0%","12","0.0%","0","0.0%","0","0.0%","0","0.0%","0","0.0%","0","0.0%","0","0.0%","0","0.0%","0","0.0%","0","0.0%","17","0.1%","0","0.0%","0","0.0%","0","0.0%","5","0.0%","0","0.0%","0","0.0%","9","0.1%","0","0.0%","56","0.2%","1","0.0%","0","0.0%","0","0.0%","8","0.0%","12","0.5%","8","0.0%","0","0.0%"
"        Danish","0","0.0%","13","0.0%","0","0.0%","0","0.0%","10","0.0%","0","0.0%","0","0.0%","0","0.0%","13","0.0%","0","0.0%","0","0.0%","0","0.0%","0","0.0%","0","0.0%","0","0.0%","0","0.0%","0","0.0%","0","0.0%","0","0.0%","0","0.0%","78","0.3%","9","0.1%","0","0.0%","0","0.0%","15","0.0%","0","0.0%","50","0.2%","0","0.0%"
"        Dutch","47","0.4%","381","0.8%","83","1.0%","69","0.5%","62","0.2%","43","0.6%","111","0.7%","141","0.4%","113","0.3%","15","0.1%","0","0.0%","40","0.2%","23","0.3%","0","0.0%","175","0.8%","54","0.4%","60","0.5%","13","0.1%","90","0.5%","21","0.3%","89","0.3%","115","0.8%","4","0.1%","102","0.4%","383","0.7%","4","0.2%","239","1.0%","27","0.4%"
"        English","1,107","8.7%","8,138","16.9%","1,204","14.3%","2,276","16.8%","7,379","27.7%","771","10.4%","1,892","12.5%","3,724","10.4%","6,624","18.5%","2,543","11.2%","1,321","9.2%","3,622","22.3%","1,368","18.6%","1,007","9.6%","2,007","9.3%","1,739","13.3%","893","7.7%","1,031","9.1%","2,784","16.3%","394","6.4%","3,317","11.8%","1,651","11.9%","634","15.6%","3,068","10.9%","6,633","11.4%","221","10.0%","3,155","12.9%","1,197","18.2%"
"        French (except Basque)","150","1.2%","383","0.8%","131","1.6%","79","0.6%","177","0.7%","134","1.8%","42","0.3%","112","0.3%","252","0.7%","52","0.2%","27","0.2%","122","0.8%","36","0.5%","142","1.4%","202","0.9%","170","1.3%","5","0.0%","23","0.2%","194","1.1%","66","1.1%","364","1.3%","170","1.2%","4","0.1%","312","1.1%","633","1.1%","20","0.9%","257","1.0%","0","0.0%"
"        French Canadian","0","0.0%","0","0.0%","0","0.0%","11","0.1%","48","0.2%","0","0.0%","0","0.0%","26","0.1%","1","0.0%","0","0.0%","0","0.0%","0","0.0%","0","0.0%","0","0.0%","38","0.2%","0","0.0%","0","0.0%","0","0.0%","38","0.2%","13","0.2%","12","0.0%","23","0.2%","0","0.0%","14","0.0%","24","0.0%","0","0.0%","23","0.1%","0","0.0%"
"        German","1,013","8.0%","4,283","8.9%","1,599","19.0%","605","4.5%","2,420","9.1%","430","5.8%","1,471","9.7%","1,874","5.2%","2,688","7.5%","1,740","7.7%","790","5.5%","812","5.0%","994","13.5%","459","4.4%","1,408","6.6%","1,474","11.3%","1,029","8.8%","315","2.8%","2,210","12.9%","379","6.1%","1,567","5.6%","734","5.3%","230","5.7%","1,563","5.6%","3,556","6.1%","360","16.3%","2,409","9.8%","533","8.1%"
"        Greek","0","0.0%","126","0.3%","11","0.1%","36","0.3%","0","0.0%","0","0.0%","39","0.3%","54","0.2%","37","0.1%","0","0.0%","12","0.1%","0","0.0%","0","0.0%","0","0.0%","18","0.1%","22","0.2%","47","0.4%","0","0.0%","93","0.5%","0","0.0%","18","0.1%","31","0.2%","10","0.2%","0","0.0%","47","0.1%","0","0.0%","42","0.2%","0","0.0%"
"        Hungarian","0","0.0%","36","0.1%","10","0.1%","0","0.0%","43","0.2%","0","0.0%","0","0.0%","73","0.2%","35","0.1%","0","0.0%","0","0.0%","0","0.0%","0","0.0%","0","0.0%","0","0.0%","16","0.1%","29","0.2%","0","0.0%","11","0.1%","0","0.0%","59","0.2%","0","0.0%","0","0.0%","0","0.0%","85","0.1%","0","0.0%","28","0.1%","0","0.0%"
"        Irish","1,465","11.5%","5,624","11.7%","1,093","13.0%","451","3.3%","2,087","7.8%","1,041","14.1%","1,803","11.9%","3,290","9.2%","3,483","9.7%","2,248","9.9%","1,911","13.4%","1,549","9.5%","702","9.6%","1,187","11.3%","2,317","10.8%","1,308","10.0%","1,301","11.2%","1,134","10.0%","2,037","11.9%","440","7.1%","2,424","8.6%","1,223","8.8%","179","4.4%","2,781","9.9%","5,878","10.1%","173","7.8%","2,991","12.2%","397","6.0%"
"        Italian","35","0.3%","691","1.4%","55","0.7%","103","0.8%","192","0.7%","19","0.3%","123","0.8%","394","1.1%","297","0.8%","71","0.3%","88","0.6%","99","0.6%","54","0.7%","14","0.1%","236","1.1%","59","0.5%","61","0.5%","185","1.6%","291","1.7%","54","0.9%","303","1.1%","37","0.3%","14","0.3%","327","1.2%","561","1.0%","32","1.4%","243","1.0%","43","0.7%"
"        Lithuanian","0","0.0%","0","0.0%","0","0.0%","0","0.0%","0","0.0%","0","0.0%","0","0.0%","0","0.0%","0","0.0%","0","0.0%","0","0.0%","0","0.0%","0","0.0%","0","0.0%","0","0.0%","0","0.0%","0","0.0%","0","0.0%","0","0.0%","0","0.0%","4","0.0%","0","0.0%","0","0.0%","0","0.0%","0","0.0%","0","0.0%","0","0.0%","0","0.0%"
"        Norwegian","17","0.1%","16","0.0%","9","0.1%","6","0.0%","82","0.3%","0","0.0%","0","0.0%","0","0.0%","21","0.1%","0","0.0%","0","0.0%","23","0.1%","32","0.4%","0","0.0%","20","0.1%","8","0.1%","20","0.2%","0","0.0%","23","0.1%","0","0.0%","84","0.3%","16","0.1%","0","0.0%","6","0.0%","35","0.1%","0","0.0%","41","0.2%","0","0.0%"
"        Polish","137","1.1%","127","0.3%","39","0.5%","8","0.1%","93","0.3%","58","0.8%","14","0.1%","151","0.4%","231","0.6%","97","0.4%","21","0.1%","35","0.2%","9","0.1%","0","0.0%","73","0.3%","9","0.1%","26","0.2%","0","0.0%","98","0.6%","14","0.2%","90","0.3%","58","0.4%","10","0.2%","180","0.6%","224","0.4%","6","0.3%","124","0.5%","54","0.8%"
"        Portuguese","0","0.0%","28","0.1%","0","0.0%","0","0.0%","55","0.2%","0","0.0%","0","0.0%","0","0.0%","0","0.0%","0","0.0%","0","0.0%","0","0.0%","0","0.0%","0","0.0%","0","0.0%","0","0.0%","0","0.0%","0","0.0%","44","0.3%","0","0.0%","0","0.0%","4","0.0%","0","0.0%","0","0.0%","27","0.0%","0","0.0%","24","0.1%","0","0.0%"
"        Russian","31","0.2%","43","0.1%","21","0.2%","0","0.0%","0","0.0%","0","0.0%","0","0.0%","130","0.4%","38","0.1%","25","0.1%","0","0.0%","0","0.0%","21","0.3%","0","0.0%","0","0.0%","0","0.0%","0","0.0%","0","0.0%","10","0.1%","37","0.6%","1","0.0%","0","0.0%","0","0.0%","0","0.0%","44","0.1%","0","0.0%","16","0.1%","1","0.0%"
"        Scotch-Irish","203","1.6%","1,369","2.8%","17","0.2%","182","1.3%","470","1.8%","81","1.1%","489","3.2%","534","1.5%","463","1.3%","314","1.4%","140","1.0%","153","0.9%","78","1.1%","227","2.2%","226","1.1%","146","1.1%","45","0.4%","29","0.3%","301","1.8%","70","1.1%","148","0.5%","128","0.9%","123","3.0%","605","2.2%","821","1.4%","40","1.8%","370","1.5%","133","2.0%"
"        Scottish","100","0.8%","874","1.8%","246","2.9%","103","0.8%","489","1.8%","149","2.0%","373","2.5%","591","1.7%","765","2.1%","281","1.2%","254","1.8%","150","0.9%","164","2.2%","105","1.0%","430","2.0%","88","0.7%","198","1.7%","223","2.0%","334","2.0%","77","1.2%","374","1.3%","217","1.6%","34","0.8%","886","3.1%","613","1.1%","43","1.9%","410","1.7%","146","2.2%"
"        Slovak","0","0.0%","0","0.0%","0","0.0%","0","0.0%","0","0.0%","0","0.0%","0","0.0%","0","0.0%","0","0.0%","0","0.0%","0","0.0%","11","0.1%","0","0.0%","0","0.0%","0","0.0%","0","0.0%","0","0.0%","0","0.0%","0","0.0%","0","0.0%","10","0.0%","0","0.0%","0","0.0%","0","0.0%","14","0.0%","0","0.0%","0","0.0%","0","0.0%"
"        Subsaharan African","0","0.0%","27","0.1%","0","0.0%","0","0.0%","5","0.0%","8","0.1%","2","0.0%","8","0.0%","6","0.0%","9","0.0%","44","0.3%","0","0.0%","7","0.1%","34","0.3%","53","0.2%","0","0.0%","0","0.0%","0","0.0%","30","0.2%","0","0.0%","20","0.1%","15","0.1%","0","0.0%","0","0.0%","6","0.0%","0","0.0%","82","0.3%","6","0.1%"
"        Swedish","28","0.2%","10","0.0%","24","0.3%","15","0.1%","175","0.7%","25","0.3%","8","0.1%","27","0.1%","66","0.2%","0","0.0%","0","0.0%","0","0.0%","8","0.1%","0","0.0%","30","0.1%","18","0.1%","0","0.0%","0","0.0%","15","0.1%","8","0.1%","0","0.0%","5","0.0%","0","0.0%","0","0.0%","17","0.0%","0","0.0%","57","0.2%","10","0.2%"
"        Swiss","31","0.2%","24","0.0%","8","0.1%","5","0.0%","46","0.2%","0","0.0%","0","0.0%","9","0.0%","21","0.1%","110","0.5%","83","0.6%","0","0.0%","0","0.0%","0","0.0%","31","0.1%","5","0.0%","0","0.0%","0","0.0%","22","0.1%","0","0.0%","22","0.1%","48","0.3%","0","0.0%","45","0.2%","19","0.0%","14","0.6%","17","0.1%","18","0.3%"
"        Ukrainian","0","0.0%","9","0.0%","0","0.0%","8","0.1%","65","0.2%","0","0.0%","10","0.1%","0","0.0%","48","0.1%","0","0.0%","0","0.0%","0","0.0%","0","0.0%","0","0.0%","0","0.0%","0","0.0%","0","0.0%","0","0.0%","0","0.0%","0","0.0%","19","0.1%","0","0.0%","0","0.0%","0","0.0%","180","0.3%","0","0.0%","1","0.0%","0","0.0%"
"        Welsh","19","0.1%","249","0.5%","71","0.8%","24","0.2%","188","0.7%","56","0.8%","108","0.7%","327","0.9%","478","1.3%","108","0.5%","16","0.1%","37","0.2%","64","0.9%","13","0.1%","103","0.5%","7","0.1%","92","0.8%","106","0.9%","33","0.2%","8","0.1%","191","0.7%","158","1.1%","2","0.0%","58","0.2%","276","0.5%","37","1.7%","141","0.6%","0","0.0%"
"        West Indian (excluding Hispanic origin groups)","0","0.0%","17","0.0%","0","0.0%","0","0.0%","19","0.1%","0","0.0%","0","0.0%","13","0.0%","30","0.1%","25","0.1%","0","0.0%","0","0.0%","13","0.2%","0","0.0%","43","0.2%","10","0.1%","0","0.0%","9","0.1%","0","0.0%","0","0.0%","0","0.0%","0","0.0%","0","0.0%","7","0.0%","33","0.1%","0","0.0%","32","0.1%","0","0.0%"
"COMPUTERS AND INTERNET USE","","","","","","","","","","","","","","","","","","","","","","","","","","","","","","","","","","","","","","","","","","","","","","","","","","","","","","","",""
"    Total households","4,844","4,844","18,533","18,533","3,138","3,138","5,529","5,529","9,778","9,778","2,263","2,263","5,747","5,747","14,282","14,282","14,478","14,478","8,534","8,534","5,563","5,563","5,721","5,721","2,637","2,637","3,698","3,698","8,415","8,415","4,757","4,757","4,554","4,554","3,756","3,756","6,695","6,695","2,262","2,262","10,705","10,705","4,665","4,665","1,383","1,383","11,279","11,279","23,967","23,967","797","797","8,952","8,952","2,506","2,506"
"        With a computer","4,243","87.6%","17,048","92.0%","2,887","92.0%","4,547","82.2%","8,192","83.8%","1,900","84.0%","4,823","83.9%","12,322","86.3%","12,968","89.6%","7,620","89.3%","4,754","85.5%","4,708","82.3%","2,171","82.3%","3,011","81.4%","7,170","85.2%","4,030","84.7%","3,821","83.9%","3,181","84.7%","5,858","87.5%","1,806","79.8%","9,983","93.3%","3,842","82.4%","1,033","74.7%","10,102","89.6%","20,845","87.0%","647","81.2%","8,275","92.4%","1,906","76.1%"
"        With a broadband Internet subscription","3,939","81.3%","15,928","85.9%","2,556","81.5%","4,135","74.8%","7,199","73.6%","1,691","74.7%","4,392","76.4%","11,369","79.6%","11,921","82.3%","7,244","84.9%","4,211","75.7%","4,325","75.6%","1,896","71.9%","2,872","77.7%","6,698","79.6%","3,751","78.9%","3,507","77.0%","3,001","79.9%","5,503","82.2%","1,608","71.1%","9,376","87.6%","3,605","77.3%","975","70.5%","9,544","84.6%","19,093","79.7%","542","68.0%","8,044","89.9%","1,805","72.0%"